- phpMyAdmin SQL Dump
-- version 4.6.5.2
-- https://www.phpmyadmin.net/
--
-- Host: 127.0.0.1
-- Generation Time: Dec 15, 2019 at 02:23 PM
-- Server version: 10.1.36-MariaDB
-- PHP Version: 5.6.30

SET SQL_MODE = "NO_AUTO_VALUE_ON_ZERO";
SET time_zone = "+00:00";


/*!40101 SET @OLD_CHARACTER_SET_CLIENT=@@CHARACTER_SET_CLIENT */;
/*!40101 SET @OLD_CHARACTER_SET_RESULTS=@@CHARACTER_SET_RESULTS */;
/*!40101 SET @OLD_COLLATION_CONNECTION=@@COLLATION_CONNECTION */;
/*!40101 SET NAMES utf8mb4 */;

--
-- Database: `copy_auth_comps`
--

-- --------------------------------------------------------

--
-- Table structure for table `admin_details`
--

CREATE TABLE `admin_details` (
  `username` varchar(10) NOT NULL,
  `password` varchar(20) NOT NULL,
  `Email_id` varchar(100) NOT NULL,
  `phone_no` bigint(12) NOT NULL,
  `OTP` varchar(50) DEFAULT NULL
) ENGINE=InnoDB DEFAULT CHARSET=latin1;

--
-- Dumping data for table `admin_details`
--

INSERT INTO `admin_details` (`username`, `password`, `Email_id`, `phone_no`, `OTP`) VALUES
('admin', '123', '', 919930938699, 'e23GEN');

-- --------------------------------------------------------

-
--
-- Table structure for table `course`
--

CREATE TABLE `course` (
  `Department` varchar(10) NOT NULL,
  `Sem` varchar(5) NOT NULL,
  `Subject_code` varchar(15) NOT NULL,
  `Subject_name` varchar(50) NOT NULL,
  `Subject_shortname` varchar(6) NOT NULL,
  `Year` varchar(2) NOT NULL,
  `Elective` varchar(10) DEFAULT NULL
) ENGINE=InnoDB DEFAULT CHARSET=latin1;

--
-- Dumping data for table `course`
--

INSERT INTO `course` (`Department`, `Sem`, `Subject_code`, `Subject_name`, `Subject_shortname`, `Year`, `Elective`) VALUES
('Computer E', '3', 'CSC301 ', 'Applied Mathematics-III', 'AM-III', 'SE', 'N'),
('Computer E', '3', 'CSC302 ', 'Digital Logic Design and Analysis ', 'DLDA', 'SE', 'N'),
('Computer E', '3', 'CSC303 ', 'Discrete Mathematics ', 'DM', 'SE', 'N'),
('Computer E', '3', 'CSC304 ', 'Electronics Circuits and Communication Fundamental', 'ECCF', 'SE', 'N'),
('Computer E', '3', 'CSC305 ', 'Data Structures', 'DS', 'SE', 'N'),
('Computer E', '5', 'CSC501 ', 'Microprocessor ', 'MP', 'TE', 'N'),
('Computer E', '5', 'CSC502 ', 'Database Management System ', 'DBMS', 'TE', 'N'),
('Computer E', '5', 'CSC503 ', 'Computer Network ', 'CN', 'TE', 'N'),
('Computer E', '5', 'CSC504 ', 'Theory of Computer Science ', 'TCS', 'TE', 'N'),
('Computer E', '7', 'CSC701 ', 'Digital Signal & Image Processing', 'DSIP', 'BE', 'N'),
('Computer E', '7', 'CSC702 ', 'Mobile communication and Computing', 'MCC', 'BE', 'N'),
('Computer E', '7', 'CSC703 ', 'Artificial Intelligence and Soft Computing', 'AISC', 'BE', 'N'),
('Computer E', '5', 'CSDLO5011', 'Multimedia System', 'MS', 'TE', 'Y'),
('Computer E', '5', 'CSDLO5013', 'Advance Algorithm', 'AA', 'TE', 'Y'),
('Computer E', '7', 'CSDLO7031', 'Advance System Security and Digital Forensic', 'ASSDF', 'BE', 'Y'),
('Computer E', '7', 'CSDLO7032', 'Big Data and Analytics', 'BDA', 'BE', 'Y'),
('Computer E', '3', 'CSL304 ', 'Object Oriented Programming Methodolgy', 'OOPM', 'SE', 'N'),
('Computer E', '5', 'CSL504 ', 'Web Design Lab ', 'WDL', 'TE', 'N'),
('Computer E', '5', 'CSL505 ', 'Business Comm. & Ethics ', 'BCE', 'TE', 'N'),
('Computer E', '7', 'ILO7013', 'Management Information System', 'MIS', 'BE', 'Y'),
('Computer E', '7', 'ILO7016', 'Cyber Security and Laws', 'CSL', 'BE', 'Y');

-- --------------------------------------------------------

--
-- Table structure for table `coursemapping`
--

CREATE TABLE `coursemapping` (
  `Sdrn` varchar(8) NOT NULL,
  `Subject_code` varchar(15) NOT NULL,
  `Year` varchar(2) NOT NULL,
  `Division` varchar(1) NOT NULL,
  `Lec_count` int(11) NOT NULL
) ENGINE=InnoDB DEFAULT CHARSET=latin1;

--
-- Dumping data for table `coursemapping`
--

INSERT INTO `coursemapping` (`Sdrn`, `Subject_code`, `Year`, `Division`, `Lec_count`) VALUES
('197', 'CSC703', 'BE', 'A', 40),
('248', 'CSL505', 'TE', 'A', 62),
('248', 'CSL505', 'TE', 'B', 51),
('248', 'CSL505', 'TE', 'C', 33),
('295', 'CSDLO5013', 'TE', 'A', 88),
('330', 'CSC504', 'TE', 'B', 67),
('330', 'CSL304', 'SE', 'B', 43),
('374', 'CSC305', 'SE', 'B', 78),
('374', 'CSDLO7032', 'BE', 'A', 39),
('381', 'CSC301', 'SE', 'A', 101),
('381', 'CSC301', 'SE', 'B', 96),
('396', 'CSC503', 'TE', 'A', 77),
('407', 'CSL304 ', 'SE', 'A', 41),
('411', 'CSDLO7032', 'BE', 'B', 36),
('419', 'CSL504', 'TE', 'A', 53),
('482', 'CSC502', 'TE', 'B', 72),
('576', 'CSC502', 'TE', 'A', 78),
('583', 'CSC302 ', 'SE', 'C', 84),
('583', 'ILO7013', 'BE', 'C', 25),
('593', 'CSC501', 'TE', 'C', 58),
('593', 'CSDLO7031', 'BE', 'C', 30),
('603', 'CSDLO5013', 'TE', 'B', 37),
('627', 'CSL504', 'TE', 'C', 44),
('638', 'CSC701', 'BE', 'B', 36),
('650', 'CSC302', 'SE', 'A', 80),
('650', 'CSC702', 'BE', 'B', 36),
('657', 'CSC304', 'SE', 'B', 81),
('672', 'CSC702', 'BE', 'C', 26),
('677', 'CSDLO5011', 'TE', 'C', 68),
('677', 'CSL304', 'SE', 'C', 43),
('679', 'CSC701', 'BE', 'C', 32),
('687', 'CSC703', 'BE', 'B', 38),
('687', 'CSL504', 'TE', 'B', 39),
('699', 'CSC303', 'SE', 'C', 78),
('728', 'CSC702', 'BE', 'A', 34),
('752', 'CSC501 ', 'TE', 'A', 73),
('752', 'CSC501', 'TE', 'B', 76),
('807', 'CSC305', 'SE', 'C', 83),
('811', 'CSC303', 'SE', 'A', 79),
('812', 'CSC504', 'TE', 'A', 72),
('812', 'CSDLO7031 ', 'BE', 'A', 36),
('812', 'CSDLO7031', 'BE', 'B', 36),
('821', 'CSC703', 'BE', 'C', 26),
('821', 'CSDLO5013', 'TE', 'C', 22),
('840', 'CSC304 ', 'SE', 'A', 81),
('874', 'CSC504', 'TE', 'C', 75),
('874', 'CSDLO5011', 'TE', 'A', 71),
('874', 'CSDLO5011', 'TE', 'B', 0),
('878', 'CSC303', 'SE', 'B', 81),
('878', 'ILO7013', 'BE', 'A', 23),
('878', 'ILO7013', 'BE', 'B', 23),
('888', 'CSC503', 'TE', 'C', 94),
('888', 'ILO7016', 'BE', 'A', 25),
('888', 'ILO7016', 'BE', 'B', 28),
('888', 'ILO7016', 'BE', 'C', 24),
('892', 'CSC304 ', 'SE', 'C', 70),
('894', 'CSC502', 'TE', 'C', 90),
('894', 'CSDLO7032', 'BE', 'C', 38),
('896', 'CSC305', 'SE', 'A', 80),
('896', 'CSC701', 'BE', 'A', 37),
('897', 'CSC301 ', 'SE', 'C', 89),
('898', 'CSC302', 'SE', 'B', 78),
('898', 'CSC503', 'TE', 'B', 76);




--
-- Table structure for table `faculty`
--

CREATE TABLE `faculty` (
  `Sdrn` varchar(8) NOT NULL,
  `First_name` varchar(20) NOT NULL,
  `Middle_name` varchar(20) DEFAULT NULL,
  `Last_name` varchar(20) DEFAULT NULL,
  `DOB` date NOT NULL,
  `Department` varchar(10) NOT NULL,
  `Contact_no` bigint(10) NOT NULL,
  `Addr` varchar(200) NOT NULL,
  `Email` varchar(50) NOT NULL,
  `Doj` date NOT NULL,
  `Qualification` varchar(50) NOT NULL,
  `Desig` varchar(30) NOT NULL,
  `Password` varchar(20) NOT NULL,
  `OTP` varchar(20) DEFAULT NULL
) ENGINE=InnoDB DEFAULT CHARSET=latin1;

--
-- Dumping data for table `faculty`
--

INSERT INTO `faculty` (`Sdrn`, `First_name`, `Middle_name`, `Last_name`, `DOB`, `Department`, `Contact_no`, `Addr`, `Email`, `Doj`, `Qualification`, `Desig`, `Password`, `OTP`) VALUES
('007', 'test', NULL, NULL, '0000-00-00', '', 1234567890, '-', '@', '0000-00-00', '', '', '123', 'hncqx5d61o'),
('150', 'Leena', NULL, 'Ragha', '0000-00-00', '', 1234567890, '-', '@', '0000-00-00', '', '', '123', NULL),
('197', 'Snehal', '', 'Gaikwad', '0000-00-00', 'COMP', 1234567890, '-', '@', '0000-00-00', '', '', '123', NULL),
('248', 'Arpita', 'Goutam', 'Palchoudhury', '1967-06-21', 'COMP', 1234567890, '-', '@', '2001-09-10', 'Ph.D  ( English Literature)', ' Associate Professor', '123', NULL),
('295', 'Vanita', NULL, 'Mane', '0000-00-00', '', 1234567890, '-', '@', '0000-00-00', '', '', '123', NULL),
('330', 'Namita', 'Damodar', 'Pulgam', '1983-09-10', 'COMP', 1234567890, '-', '@', '2005-12-23', 'M.E. Computer', 'A.P.', '123', 'bb9cad60'),
('374', 'Aditi', 'Sunil', 'Chhabria', '1984-07-23', 'COMP', 1234567890, '-', '@', '2006-07-17', 'M.E. Computers', 'Assistant Professor', '123', '362394c6'),
('377', 'Vaishali', 'Satish', 'Jadhav', '1971-09-17', 'COMP', 1234567890, '-', '@', '2007-07-13', 'Pursuing Ph.D.', 'Assistant Professor', '123', NULL),
('381', 'Narendrakumar ', 'Ramchandra', 'Dasre', '1980-08-01', 'COMP', 1234567890, '-', '@', '2007-07-23', 'Ph. D.', ' Professor', '123', '3cde8181'),
('383', 'Shital', 'Sunil', 'Mali', '1979-05-16', 'COMPS', 1234567890, '-', '@', '2007-07-09', 'Ph,D, pursing', 'Associate Professor', '123', NULL),
('393', 'Dr. Amarsinh', 'V.', 'Vidhate', '1974-05-21', 'COMP', 1234567890, '-', '@', '2007-07-17', 'Ph.D.(Computer Engineering), M.Tech. (Computer Eng', 'Professor', '123', 'ZxpgBY'),
('396', 'Puja', '', 'Padiya', '1979-09-09', 'COMP', 1234567890, '-', '@', '2007-01-08', 'Ph.D. Pursuing', 'Assistant Professor', '123', NULL),
('407', 'Rajshree', NULL, 'Shedge', '0000-00-00', '', 1234567890, '-', '@', '0000-00-00', '', '', '123', NULL),
('411', 'TUSHAR ', 'HINDURAO', 'GHORPADE ', '1979-02-03', 'COMP', 1234567890, '-', '@', '2008-01-18', 'ME in Computer Engineering', 'Assistant Professor', '123', 'ec71de5a'),
('419', 'Sheetal', NULL, 'Ahir', '0000-00-00', '', 1234567890, '-', '@', '0000-00-00', '', '', '123', '2MYHy6'),
('482', 'Smita', '', 'Patil-Bhoir', '0000-00-00', 'COMP', 1234567890, '-', '@', '0000-00-00', '', '', '123', 'JQ76CN'),
('526', 'Vilas', 'Janardan', 'Rane', '1986-11-11', 'COMP', 1234567890, '-', '@', '2011-02-03', 'M.Sc.', 'Assistant Professor', '123', NULL),
('528', 'Swarupa', NULL, 'Bodhe', '0000-00-00', '', 1234567890, '-', '@', '0000-00-00', '', '', '123', NULL),
('536', 'nilam', 'sangram', 'patil', '0000-00-00', 'COMP', 1234567890, '-', '@', '0000-00-00', 'ME electronics', 'Assistant professor', '123', NULL),
('566', 'Pramod', 'Jagannath', 'Bide', '1989-01-25', 'COMP', 1234567890, '-', '@', '2012-08-16', 'M.E', 'AP', '123', 'NULL'),
('570', 'ASHWINI ', 'ANIL', 'RAORANE', '1990-04-23', 'COMP', 1234567890, '-', '@', '2012-08-16', 'ME (Electronics)', 'Lecturer', '123', NULL),
('576', 'Smita', 'dinesh', 'Bharne', '1982-06-14', 'COMP', 1234567890, '-', '@', '2012-09-13', 'M.Tech', 'Assistant Professor', '123', 'a22bc9ae'),
('583', 'Snehal', NULL, 'Mumbailkar', '0000-00-00', '', 1234567890, '-', '@', '0000-00-00', '', '', '123', 'RKfwZg'),
('586', 'Vijaylaxmi', 'S', 'Bittal', '1984-07-31', 'COMP', 1234567890, '-', '@', '2013-01-10', 'M.Tech', 'assistant professor', '123', NULL),
('587', 'Trupti', 'prashant', 'Patil', '1984-07-08', 'COMP', 1234567890, '-', '@', '2013-01-07', 'ME (copmuter)', 'Assistant Professor', '123', NULL),
('593', 'Prathmesh', 'Narayan', 'Gunjgur', '1988-10-18', 'COMP', 1234567890, '-', '@', '2013-01-24', 'M.E Computer Engineering', 'Assistant Professor', '123', NULL),
('601', 'Kriti', '', 'Karnam', '0000-00-00', 'COMP', 1234567890, '-', '@', '0000-00-00', 'B.E.,Mtech', 'Assistant Professor', '123', 'e7fa430d'),
('603', 'Harsha', '', 'Saxena', '1990-11-06', 'COMP', 1234567890, '-', '@', '2013-07-01', 'mtech', 'assistant proffesor', '123', '2ff22efa'),
('609', 'Nazia', '', 'S', '1982-01-02', 'COMP', 1234567890, '-', '@', '2013-07-08', 'M.Tech', 'Asst Professor', '123', NULL),
('615', 'Shilpa', 'Tushar', 'Bhangale', '1976-07-27', 'CE', 1234567890, '-', '@', '2013-07-15', 'MPHIL- SET', 'assistant professor', '123', NULL),
('618', 'Rubi', '', 'Mandal', '1986-01-19', 'COMP', 1234567890, '-', '@', '2013-07-25', 'Mtech', 'Lecturer', '123', NULL),
('627', 'Apurva', 'Swapnil', 'Shinde', '1991-12-18', 'COMP', 1234567890, '-', '@', '2013-08-13', 'M.E. (Computers)', 'Assistant Professor', '123', '8023ed41'),
('631', 'Savita', 'Kiran', 'Sawant', '1983-12-15', 'COMP', 1234567890, '-', '@', '2016-01-02', 'M.Tech in Computer Engg', 'Assistant Professor', '123', 'd2367116'),
('638', 'Ekta', NULL, 'Sarda', '0000-00-00', '', 1234567890, '-', '@', '0000-00-00', '', '', '123', NULL),
('650', 'Bhavana', 'Bhimsen', 'Turorikar', '1983-07-03', 'COMP', 1234567890, '-', '@', '2014-08-07', 'ME(Computer Networks)', 'Assistant Professor', '123', '694a090f'),
('654', 'MANSI', 'BHUSHAN', 'JAWALE', '1991-10-31', 'COMP', 1234567890, '-', '@', '2014-06-15', 'M.A.', 'Lecturer', '123', NULL),
('657', 'KHUSHBOO', 'SHIVKUMAR', 'PICHHODE', '1989-12-03', 'COMPS', 1234567890, '-', '@', '2014-07-16', 'M.E', 'Assistant Professor', '123', NULL),
('663', 'Shilpa', 'Vilas', 'Mahagaonkar', '1984-05-24', 'COMP', 1234567890, '-', '@', '2014-07-16', 'ME', 'Assistant Professor', '123', NULL),
('672', 'Pallavi', 'H.', 'Chitte', '0000-00-00', 'COMP', 1234567890, '-', '@', '0000-00-00', 'M.E.Computer Engineering', 'Assistant Professor', '123', '41fd65ae'),
('677', 'kamlesh', 'lekhraj', 'nenwani', '1987-04-04', 'CE', 1234567890, '-', '@', '2014-08-01', 'M.E.', 'Lecturer', '123', NULL),
('679', 'Dhanashri', 'Ashok', 'Bhosale', '1989-03-10', 'COMP', 1234567890, '-', '@', '2013-02-09', 'ME', 'lecturer', '123', '8aa5381f'),
('687', 'Sumithra', '', 'T.V', '0000-00-00', 'COMP', 1234567890, '-', '@', '0000-00-00', 'M.TECH', '', '123', NULL),
('693', 'vishvas', 'hasuram', 'patil', '1986-01-15', 'COMP', 1234567890, '-', '@', '2015-07-01', 'M.sc.', 'Lecturer', '123', '703141b6'),
('696', 'varsha', 'ramesh', 'patil', '0091-04-29', 'COMP', 1234567890, '-', '@', '2015-06-17', 'M.E.Computer Engineering', 'Assistant Professor', '123', NULL),
('699', 'Preet Chandan', '', 'Kaur', '1989-02-09', 'COMP', 1234567890, '-', '@', '2015-07-15', 'M.E.Computer Engineering', 'Assistant professor', '123', 'CZtPQs'),
('700', 'Pranali', 'Mohan', 'Yadav', '1990-12-18', 'CE', 1234567890, '-', '@', '2015-06-15', 'BE, ME (persuing)', 'Teaching Assistant', '123', NULL),
('711', 'PRAMOD ', 'HARIBHAU', 'KACHARE', '1991-04-24', 'COMP', 1234567890, '-', '@', '2015-07-07', 'M.Tech.', 'Assistant Professor', '123', '536de3d5'),
('712', 'DIAMBAR', 'VITTHALBUWA', 'PURI', '1990-09-29', 'COMP', 1234567890, '-', '@', '2015-07-07', 'M.Tech.', 'Assistant Professor', '123', '4241a33d'),
('717', 'SWARALI', 'PRASHANT', 'SHETH', '1985-01-24', 'COMP', 1234567890, '-', '@', '2015-07-23', 'M.Tech.', 'Lecturer', '123', 'a862f9af'),
('719', 'CHANDRAKANT', 'JAGANNATH', 'GAIKWAD', '1972-08-02', 'COMP', 1234567890, '-', '@', '2015-08-10', 'Ph.D.', 'Professor', '123', '36ed2611'),
('721', 'Nivedita', 'Elan', 'Shekhar', '1992-04-28', 'COMPS', 1234567890, '-', '@', '2015-08-11', 'M.E.Computer Engineering', 'Assitance Professor', '123', NULL),
('726', 'Krupi', 'Pranav', 'Saraf', '1989-07-19', 'COMPS', 1234567890, '-', '@', '2016-01-06', 'ME', 'Assistant Professor', '123', NULL),
('728', 'saguna', 'kailas', 'ingle', '1983-08-05', 'COMP', 1234567890, '-', '@', '2016-12-03', 'M.E.(IT)', 'Assistant Professor', '123', NULL),
('752', 'Shilpa', 'Gulabrao', 'Kolte', '1977-06-17', 'COMP', 1234567890, '-', '@', '2016-06-22', 'M.E.', 'A.P.', '123', '0bf3ade3'),
('765', 'Pornima', 'Kailas', 'Gidhe', '1993-04-06', 'COMP', 1234567890, '-', '@', '2016-07-12', 'M.E.Computer Engineering', 'Assistant professor', '123', NULL),
('767', 'Bijal', 'Chandubhai', 'Panchal', '1989-12-11', 'COMP', 1234567890, '-', '@', '2016-07-12', 'M.E', 'Assistant Professor', '123', '3acb890f'),
('769', 'SAYALI', 'ASHOK', 'SAPKAL', '1989-05-08', 'COMP', 1234567890, '-', '@', '2016-07-13', 'M.E', 'Lecturer', '123', NULL),
('770', 'Siddhi', 'Nikhil', 'Kadu', '1989-12-01', 'COMP', 1234567890, '-', '@', '2016-07-12', 'M.E', 'Assistant Professor', '123', '5b6a61d0'),
('772', 'SAMEER', 'SHAMRAO', 'CHIKANE', '1993-09-03', 'COMPS', 1234567890, '-', '@', '2016-07-13', 'ME', 'ASSISTANT PROFESSOR', '123', NULL),
('785', 'Snehal', 'Shashikant', 'Bhoir', '1992-08-15', 'COMP', 1234567890, '-', '@', '2016-07-21', 'M.E.Computer Engineering', 'Assistant Professor', '123', NULL),
('786', 'JYOTI', 'VINAYAK', 'DEOGIRIKAR', '1994-01-14', 'COMP', 1234567890, '-', '@', '2016-08-01', 'ME', 'Assistant professor', '123', NULL),
('787', 'SHRADDHA', 'ANANT', 'NARHARI', '1989-07-31', 'COMP', 1234567890, '-', '@', '2017-12-15', 'ME', 'Assitant Professor', '123', NULL),
('800', 'Prof. Prashant', 's', 'Lokhande', '1974-06-16', 'COMP', 1234567890, '-', '@', '2017-01-16', 'ME IT', 'Associate Professor', '123', NULL),
('802', 'PAYAL', 'FATEHLAL', 'SANCHETI', '1994-04-02', 'COMP', 1234567890, '-', '@', '2017-01-23', 'B.E', 'LAB INSTRUCTOR', '123', NULL),
('803', 'Snehal', 'Suresh', 'Nikalje', '1992-10-27', 'COMP', 1234567890, '-', '@', '2017-02-01', 'BE', 'Lab Instructor', '123', NULL),
('804', 'roshni', 'satish', 'singh', '1993-06-18', 'COMP', 1234567890, '-', '@', '2017-02-01', 'BE', 'lab instructor', '123', NULL),
('806', 'Sathya', ' ', 'Arumugam', '0000-00-00', 'COMP', 1234567890, '-', '@', '0000-00-00', 'Ph.D', 'Assistant Professor', '123', NULL),
('807', 'vishwanath', 'subhaschandra', 'chikkareddi', '1988-02-24', 'COMP', 1234567890, '-', '@', '0000-00-00', 'M.TECH( COMPUTER SCIENCE AND ENGG), PhD(pursuing)', 'Assistant Professor', '123', NULL),
('811', 'Rashmi', 'Amol', 'Dhumal', '0000-00-00', 'COMP', 1234567890, '-', '@', '0000-00-00', 'M.E.Computer Engineering', 'Associate Professor', '123', NULL),
('812', 'Tabassum', 'Altaf', 'Maktum', '0000-00-00', 'COMP', 1234567890, '-', '@', '0000-00-00', 'M.E.Computer Engineering', 'Assistant Professor', '123', NULL),
('817', 'PRACHI', 'DEEPAK', 'JUNWALE', '0000-00-00', 'COMP', 1234567890, '-', '@', '0000-00-00', 'M.TECH( COMPUTER SCIENCE AND ENGG)', 'ASSISTANT PROFESSOR', '123', NULL),
('821', 'NEERAJ', 'KUMAR', 'SHARMA', '0000-00-00', 'COMP', 1234567890, '-', '@', '0000-00-00', 'PhD', 'PROFESSOR', '123', NULL),
('826', 'Ida', 'Hector', 'Lionel', '0000-00-00', 'COMP', 1234567890, '-', '@', '0000-00-00', 'M.Tech(Information Technology)', 'Assistant Professor', '123', 'NULL'),
('827', 'PRIYANKA', 'RAMRAO', 'GUTTE', '0000-00-00', 'COMP', 1234567890, '-', '@', '0000-00-00', 'M.Tech(Control system)', 'Asst. Professor', '123', NULL),
('829', 'Himani', 'Mohan', 'Jawale', '0000-00-00', 'COMP', 1234567890, '-', '@', '0000-00-00', 'M.TECH( COMPUTER ENGG)', 'Assistant Professor', '123', NULL),
('840', 'Dr. Dhiraj', 'B', 'Magare', '1981-02-02', 'COMP', 1234567890, '-', '@', '2017-11-20', 'Doctor', 'Associate Professor', '123', NULL),
('842', 'Suchita', 'Suresh', 'Dange', '1993-04-26', 'COMP', 1234567890, '-', '@', '2017-12-04', 'M.TECH( COMPUTER ENGG)', 'Assistant Professor', '123', NULL),
('848', 'Rohini', 'Lakhanlal', 'Damahe', '1988-02-03', 'COMP', 1234567890, '-', '@', '2017-11-12', 'ME(Computer Engineering)', 'Assistant Professor', '123', NULL),
('858', 'SHITAL', 'HARIBHAU', 'GADE', '1983-06-06', 'COMP', 1234567890, '-', '@', '2018-01-02', 'M.E.Computer Engineering', 'ASSISTANT PROFESSOR', '123', NULL),
('874', 'AMIT', 'KAILASH', 'BARVE', '1985-08-26', 'COMP', 1234567890, '-', '@', '2018-02-16', 'Phd', 'Assiciate Professor', '123', NULL),
('876', 'BHARTI', 'VISHANDAS', 'NATHWANI', '1984-07-27', 'COMPS', 1234567890, '-', '@', '2018-02-20', 'Ph.D.', 'Assistant Professor', '123', NULL),
('878', 'Bharti', 'A', 'Joshi', '1970-04-25', 'COMPS', 1234567890, '-', '@', '2018-03-01', 'Phd', 'Professor', '123', 'bHhwYV'),
('888', 'Dr Dhananjay', 'Manohar', 'Dakhane', '1972-04-06', 'COMP', 1234567890, '-', '@', '1972-04-06', 'PhD', 'Professor', '123', 'hDvgGJ'),
('892', 'Dr. Yogita ', 'Dhanraj', 'Mistry', '1979-07-26', 'COMP', 1234567890, '-', '@', '2018-12-17', 'Ph. D.', 'Associate Professor', '123', 'euFpRr'),
('894', 'B', 'J', 'Gorad', '1988-04-04', 'COMP', 1234567890, '-', '@', '2018-12-24', 'M.Tech CST,  PhD Pursuing', 'Assistant Professor', '123', NULL),
('896', 'SANGITA', 'SANTOSH', 'CHAUDHARI', '1977-06-10', 'COMP', 1234567890, '-', '@', '2019-01-01', 'PhD', 'professor', '123', '4GoHWM'),
('897', 'R', 'D', 'Suryawanshi', '1986-05-12', 'COMP', 1234567890, '-', '@', '2019-01-01', 'Msc, Net,Phd Persuing', 'Assistant Professor', '123', 'D7qHRm'),
('898', 'vaibhav', 'Eknath', 'Narawade', '1977-08-08', 'COMP', 1234567890, '-', '@', '2019-01-03', 'PhD Computer Enggineering', 'Professor', '123', 'uWzgp2'),
('999', 'a', 'a', 'a', '0000-00-00', 'INSTR', 1234567890, '-', '@', '0000-00-00', 'a', 'a', '123', 'dd867ff4'),
('abc', 'sf', 'f', 'h', '2016-01-07', 'CE', 1234567890, '-', '@', '2016-01-12', 'ME pursuing', 'ap', '123', '1225dbb4');



-- Table structure for table `office`
--

CREATE TABLE `office` (
  `office` varchar(12) NOT NULL,
  `Password` varchar(18) NOT NULL,
  `username` varchar(12) NOT NULL
) ENGINE=InnoDB DEFAULT CHARSET=latin1;

--
-- Dumping data for table `office`
--

INSERT INTO `office` (`office`, `Password`, `username`) VALUES
('office123', '1123', 'office_admin');

-- Table structure for table `stu_record`
--

CREATE TABLE `stu_record` (
  `Roll_no` varchar(12) NOT NULL,
  `Serial_no` int(11) NOT NULL,
  `Last_name` varchar(12) DEFAULT NULL,
  `First_name` varchar(25) DEFAULT NULL,
  `Middle_name` varchar(25) DEFAULT NULL,
  `Year` varchar(5) DEFAULT NULL,
  `Division` varchar(5) DEFAULT NULL,
  `Batch` varchar(5) DEFAULT NULL,
  `Password` int(11) NOT NULL DEFAULT '12345',
  `Phone_no` bigint(12) NOT NULL,
  `emailid` varchar(100) NOT NULL,
  `OTP` varchar(20) NOT NULL,
  `EL_1` varchar(20) NOT NULL,
  `EL_2` varchar(15) NOT NULL,
  `sem` int(11) NOT NULL DEFAULT '0'
) ENGINE=InnoDB DEFAULT CHARSET=latin1;

--
-- Dumping data for table `stu_record`
--

INSERT INTO `stu_record` (`Roll_no`, `Serial_no`, `Last_name`, `First_name`, `Middle_name`, `Year`, `Division`, `Batch`, `Password`, `Phone_no`, `emailid`, `OTP`, `EL_1`, `EL_2`, `sem`) VALUES
('00CE0000', 0, 'Only', 'Demo', NULL, 'TE', 'A', 'A2', 123, 0, '', '', '', '', 5),
('10CE1075', 20, 'FALE', 'ANIKET', 'DEOKANTH', 'TE', 'A', 'A1', 0, 7666092254, 'ANIDEV1992@GMAIL.COM', '', 'CSDLO5011', '', 0),
('10CE2027', 18, 'GHOSH', 'ABHISHEK', 'SUNAND', 'TE', 'A', 'A4', 123, 0, '', '', 'CSDLO5013', '', 5),
('12CE1095', 19, 'HARNE ', 'SIDDHESH ', 'GANESH	', 'BE', 'A', 'A1', 123, 8888369822, 'siddheshharne9@gmail.com', '', 'CSDLO7032', 'ILO7013', 7),
('13CE2004', 18, 'DESHMUKH', 'SWAPNIL', 'SAMBHAJI', 'BE', 'B', 'B2', 123, 0, '', '', 'CSDLO7031', 'ILO7016', 7),
('13CE2013', 3, 'INGOLE', 'YASH', 'SUDHIR', 'BE', 'B', 'B2', 123, 0, '', '', 'CSDLO7031', 'ILO7016', 7),
('13CE2023', 19, 'SOHROT', 'ANJESH', 'BRAJESH', 'TE', 'A', 'A1', 123, 0, '', '', 'CSDLO5011', '', 5),
('13CE8013', 3, 'MOHITE', 'SHUBHAM', '', 'BE', 'C', 'C1', 123, 0, '', '', 'CSDLO7032', 'ILO7016', 7),
('13CE8014', 11, 'RAUT', 'NIKHIL', 'MANOHAR', 'BE', 'C', 'C4', 123, 0, '', '', 'CSDLO7031', 'ILO7016', 7),
('14CE1035', 13, 'DUBHALKAR', 'PRIYANKA', 'SHIVPRASAD', 'BE', 'A', 'A2', 123, 0, '', '', 'CSDLO7032', 'ILO7013', 7),
('14CE1088', 17, 'AGRAWAL', 'DIPESH', 'DINESH', 'BE', 'B', 'B2', 123, 0, '', '', 'CSDLO7031', 'ILO7016', 7),
('14CE1093', 16, 'WALDE', 'AMANKIRTI', 'KAVIND', 'BE', 'B', 'B2', 123, 0, '', '', 'CSDLO7031', 'ILO7016', 7),
('14CE2020', 2, 'KALYANKAR', 'SAGARIKA', 'SURESH', 'BE', 'B', 'B1', 123, 0, '', '', 'CSDLO7032', 'ILO7016', 7),
('14CE7035', 1, 'PATIL', 'BHUSHAN', 'RAJENDRA', 'BE', 'C', 'C2', 123, 0, '', '', 'CSDLO7032', 'ILO7016', 7),
('14CE7043', 8, 'MANTRI', 'NIRAJ', 'KAMALKISHOR', 'BE', 'C', 'C3', 123, 0, '', '', 'CSDLO7032', 'ILO7013', 7),
('14CE8011', 15, 'PATIL', 'SWARAJ', 'VISHAL', 'TE', 'C', 'C4', 123, 0, '', '', 'CSDLO5011', '', 5),
('14CE8014', 20, 'SHIRVALKAR', 'PRANAV', 'DEEPAK', 'TE', 'C', 'C4', 123, 0, '', '', 'CSDLO5011', '', 5),
('15CE1014', 6, 'NADEKAR', 'PRATIKSHA', 'RAMESH', 'BE', 'B', 'B1', 123, 0, '', '', 'CSDLO7032', 'ILO7016', 7),
('15CE1028', 8, 'MAHAJAN', 'DUSHYANT', 'UDHAV', 'BE', 'A', 'A4', 123, 0, '', '', 'CSDLO7031', 'ILO7013', 7),
('15CE1033', 2, 'BHURE', 'VAIBHAV', 'MANOHAR', 'BE', 'A', 'A4', 123, 0, '', '', 'CSDLO7031', 'ILO7016', 7),
('15CE1035', 17, 'PILLAI', 'ANANDU', 'SASIKUMAR', 'BE', 'B', 'B1', 123, 0, '', '', 'CSDLO7032', 'ILO7016', 7),
('15CE1043', 3, 'BIRADAR', 'VAIBHAV', 'BALAJI', 'BE', 'A', 'A4', 123, 0, '', '', 'CSDLO7031', 'ILO7016', 7),
('15CE1056', 6, 'JADHAV', 'DIPESH', 'RAVINDRA', 'BE', 'A', 'A4', 123, 0, '', '', 'CSDLO7031', 'ILO7016', 7),
('15CE1067', 18, 'BHURBUDA', 'HARSHADNARAYAN', '', 'TE', 'A', 'A1', 123, 0, '', '', 'CSDLO5013', '', 5),
('15CE1071', 14, 'WAVHULE', 'KUNAL', 'SANJAY', 'TE', 'B', 'B1', 123, 0, '', '', 'CSDLO5013', '', 5),
('15CE2001', 15, 'DESHPANDE', 'OJAS', 'PRASAD', 'BE', 'A', 'A4', 123, 0, '', '', 'CSDLO7032', 'ILO7013', 7),
('15CE2004', 7, 'KIMBAHUNE', 'ATHARVA', 'SANJAY', 'BE', 'A', 'A4', 123, 0, '', '', 'CSDLO7031', 'ILO7013', 7),
('15CE2005', 18, 'VICHARE', 'ADITYA', 'CHANDRASHEKHAR', 'TE', 'B', 'B3', 123, 0, '', '', 'CSDLO5013', '', 5),
('15CE2017', 4, 'GUPTA', 'ANMOL', 'ASHISH', 'BE', 'A', 'A4', 123, 0, '', '', 'CSDLO7031', 'ILO7016', 7),
('15CE2019', 18, 'SHRIVASTAVA', 'MOHIT', 'MANISH', 'TE', 'B', 'B1', 123, 0, '', '', 'CSDLO5013', '', 5),
('15CE2020', 18, 'SHARMA', 'ANUSHKA', 'AVDHESH', 'TE', 'B', 'B2', 123, 0, '', '', 'CSDLO5013', '', 5),
('15CE2021', 18, 'BHARDWAJ', 'ANURAG', 'SURAJ', 'BE', 'A', 'A2', 123, 0, '', '', 'CSDLO7032', 'ILO7013', 7),
('15CE5017', 20, 'TARALEKAR', 'PRAJAKTA', 'RAJARAM', 'BE', 'A', 'A4', 0, 0, '', '', 'CSDLO7032', 'ILO7013', 7),
('15CE7022', 9, 'GHULE', 'SHUBHAM', 'BAPURAO', 'BE', 'C', 'C1', 123, 0, '', '', 'CSDLO7032', 'ILO7013', 7),
('15CE7041', 12, 'MAKAR', 'SAMIR', 'SANJAY', 'TE', 'C', 'C2', 123, 0, '', '', 'CSDLO5013', '', 5),
('15CE8001', 5, 'CHAMOLI', 'PIYUSH', '', 'BE', 'C', 'C4', 123, 0, '', '', 'CSDLO7031', 'ILO7016', 7),
('16CE1001', 3, 'DESHPANDE', 'TANVI', 'VIJAY', 'BE', 'A', 'A3', 123, 0, '', '', 'CSDLO7032', 'ILO7013', 7),
('16CE1002', 12, 'KHEDEKAR', 'SNEHAL', 'RAVINDRA', 'BE', 'A', 'A3', 123, 0, '', '', 'CSDLO7032', 'ILO7013', 7),
('16CE1003', 7, 'NARANGIKAR', 'AISHWARYA', 'PRAKASH', 'BE', 'B', 'B1', 123, 0, '', '', 'CSDLO7032', 'ILO7016', 7),
('16CE1005', 8, 'NIKAM', 'DARSHANA', 'KAILAS', 'BE', 'B', 'B2', 123, 0, '', '', 'CSDLO7031', 'ILO7016', 7),
('16CE1006', 18, 'CHATUR', 'PRACHI', '', 'BE', 'A', 'A4', 123, 0, '', '', 'CSDLO7032', 'ILO7013', 7),
('16CE1007', 13, 'PAWAR', 'ANUJA', 'VIJAY', 'BE', 'B', 'B2', 123, 8655805354, 'anujapawar04@gmail.com', '160435', 'CSDLO7031', 'ILO7016', 7),
('16CE1008', 11, 'PAWAR', 'SUYOG', 'MOHAN', 'BE', 'B', 'B4', 123, 0, '', '', 'CSDLO7032', 'ILO7013', 7),
('16CE1010', 8, 'MHATRE', 'HRISHIKESH', 'AVINASH', 'BE', 'B', 'B4', 123, 0, '', '', 'CSDLO7032', 'ILO7013', 7),
('16CE1011', 8, 'SANTIAGO', 'REHA', 'STANLEY', 'BE', 'B', 'B3', 123, 0, '', '', 'CSDLO7031', 'ILO7016', 7),
('16CE1012', 16, 'DEVGHARE', 'PRAVIN', 'DATTATRAY', 'BE', 'A', 'A4', 123, 0, '', '', 'CSDLO7032', 'ILO7013', 7),
('16CE1013', 4, 'DHARMIK', 'KAUSTUBH', 'RAJU', 'BE', 'A', 'A3', 123, 0, '', '', 'CSDLO7032', 'ILO7013', 7),
('16CE1014', 6, 'GHODE', 'MRUNAL', 'ASHOK', 'BE', 'A', 'A3', 123, 0, '', '', 'CSDLO7032', 'ILO7013', 7),
('16CE1015', 19, 'GAJAKOS', 'ANUJA', '', 'BE', 'A', 'A4', 123, 0, '', '', 'CSDLO7032', 'ILO7013', 7),
('16CE1016', 1, 'LAL', 'PRANEYA', 'NIMESH', 'BE', 'A', 'A1', 123, 0, '', '', 'CSDLO7032', 'ILO7013', 7),
('16CE1017', 20, 'MHATRE', 'NIKHIL', 'PRAKASH', 'TE', 'B', 'B3', 123, 0, '', '', 'CSDLO5013', '', 5),
('16CE1018', 4, 'YADAV', 'PRADEEP', 'KUMAR', 'BE', 'B', 'B4', 123, 0, '', '', 'CSDLO7032', 'ILO7016', 7),
('16CE1020', 2, 'WARTAK', 'SAMIKSHA', 'SUBHASH', 'BE', 'B', 'B4', 123, 9594800868, 'samikshawartak@gmail.com', '', 'CSDLO7032', 'ILO7016', 7),
('16CE1021', 6, 'CHAUDHARI', 'NIRAJ', '', 'BE', 'A', 'A2', 123, 0, '', '', 'CSDLO7032', 'ILO7013', 7),
('16CE1022', 17, 'RATHOD', 'DHEERAJ', 'UTTAM', 'TE', 'B', 'B2', 123, 0, '', '', 'CSDLO5013', '', 5),
('16CE1023', 14, 'CHIPPA', 'AAKANKSHA', '', 'BE', 'A', 'A4', 123, 7709888275, 'aakankshachippa@gmail.com', '794036', 'CSDLO7032', 'ILO7013', 7),
('16CE1024', 13, 'KOTA', 'SHRAVANTHI', 'SANDEEP', 'BE', 'A', 'A4', 123, 7066908508, 'shravanthi3367@gmail.com', 'TKaRew', 'CSDLO7032', 'ILO7013', 7),
('16CE1025', 5, 'GAIKWAD', 'BHAGYASHREE', '', 'BE', 'A', 'A3', 123, 0, '', '', 'CSDLO7032', 'ILO7013', 7),
('16CE1026', 11, 'KALOKHE', 'ESHA', 'SHANKAR', 'BE', 'A', 'A3', 123, 0, '', '', 'CSDLO7032', 'ILO7013', 7),
('16CE1027', 14, 'JADHAV', 'SHUBHAM', 'PRADEEP', 'BE', 'A', 'A2', 123, 0, '', '', 'CSDLO7032', 'ILO7013', 7),
('16CE1028', 7, 'GITE', 'SUPRIYA', 'SANJAY', 'BE', 'A', 'A3', 123, 0, '', '', 'CSDLO7032', 'ILO7013', 7),
('16CE1029', 19, 'GARANDE', 'RAJU', 'RAVSAHABE', 'TE', 'A', 'A3', 123, 9921418611, 'raj.garande@gmail.com', '', 'CSDLO5013', '', 5),
('16CE1030', 6, 'SAHRAWAT', 'ANANT', 'PRAMOD', 'BE', 'B', 'B3', 123, 0, '', '', 'CSDLO7031', 'ILO7016', 7),
('16CE1031', 14, 'SABALE', 'AKSHAY', 'SUNIL', 'BE', 'B', 'B4', 123, 0, '', '', 'CSDLO7032', 'ILO7013', 7),
('16CE1032', 6, 'MENON', 'AISHWARYA', 'V', 'BE', 'B', 'B2', 123, 8433750076, 'aishwaryam.2906@gmail.com', 'qyYUj9', 'CSDLO7031', 'ILO7016', 7),
('16CE1033', 2, 'LOKHANDE', 'JAYESH', 'SHRIRANG', 'BE', 'A', 'A1', 123, 0, '', '', 'CSDLO7032', 'ILO7013', 7),
('16CE1034', 11, 'SINGH', 'SHUBHAM', 'MANOJ', 'BE', 'B', 'B3', 123, 0, '', '', 'CSDLO7031', 'ILO7016', 7),
('16CE1035', 20, 'SINGH', 'NIRAJKUMAR', 'YOGENDRAASHA', 'BE', 'B', 'B1', 123, 0, '', '', 'CSDLO7032', 'ILO7016', 7),
('16CE1036', 5, 'YADAV', 'SAURABH', 'RAJENDRAPRASAD', 'BE', 'B', 'B4', 123, 8169073873, 'saurabhsac1999@gmail.com', '', 'CSDLO7032', 'ILO7016', 7),
('16CE1037', 9, 'SAPROO', 'SAKSHAM', 'KANWAL', 'BE', 'B', 'B3', 123, 0, '', '', 'CSDLO7031', 'ILO7016', 7),
('16CE1038', 3, 'KAJI', 'ARSHAD', 'SIKANDAR', 'BE', 'A', 'A1', 123, 0, '', '', 'CSDLO7032', 'ILO7013', 7),
('16CE1042', 17, 'RAUT', 'SAHIL', 'ANIL', 'SE', 'A', 'A1', 123, 0, '', '', '', '', 3),
('16CE1043', 15, 'SONI', 'VIJAY', 'SATYANARAYAN', 'BE', 'B', 'B3', 123, 0, '', '', 'CSDLO7031', 'ILO7013', 7),
('16CE1044', 4, 'MHAPARLE', 'ADITYA', 'SUBHASH', 'BE', 'B', 'B1', 123, 0, '', '', 'CSDLO7032', 'ILO7016', 7),
('16CE1045', 16, 'LAWANDE', 'NIKITA', '', 'BE', 'A', 'A2', 123, 0, '', '', 'CSDLO7032', 'ILO7013', 7),
('16CE1046', 16, 'SHELATKAR', 'TEJAS', 'DHANAJI', 'BE', 'B', 'B4', 123, 0, '', '', 'CSDLO7032', 'ILO7013', 7),
('16CE1047', 9, 'DABKE', 'BHARGAVI', 'MILIND', 'BE', 'A', 'A4', 123, 0, '', '', 'CSDLO7032', 'ILO7016', 7),
('16CE1048', 19, 'SALVI', 'TRUNAL', 'SACHIN', 'TE', 'B', 'B3', 123, 0, '', '', 'CSDLO5013', '', 5),
('16CE1049', 1, 'BAMBLE', 'BHUSHAN', '', 'BE', 'A', 'A2', 123, 0, '', '', 'CSDLO7032', 'ILO7013', 7),
('16CE1050', 4, 'KAPADI', 'ABID', 'FAIROJ', 'BE', 'A', 'A1', 123, 0, '', '', 'CSDLO7032', 'ILO7013', 7),
('16CE1051', 10, 'DALVI', 'OMKAR', 'SUNIL', 'BE', 'A', 'A4', 123, 9769038259, 'omkar661998@gmail.com', '', 'CSDLO7032', 'ILO7016', 7),
('16CE1052', 14, 'MAlLEWADIKAR', 'SANKET', 'DIGAMBAR', 'TE', 'A', 'A3', 123, 0, '', '', 'CSDLO5013', '', 5),
('16CE1053', 15, 'PATIL', 'MRUNAL', 'JAGADISH', 'BE', 'B', 'B1', 123, 0, '', '', 'CSDLO7032', 'ILO7016', 7),
('16CE1054', 10, 'SAWARATKAR', 'RUGVED', 'DATTATRAY', 'BE', 'B', 'B3', 123, 0, '', '', 'CSDLO7031', 'ILO7016', 7),
('16CE1055', 2, 'POTE', 'SHREYAS', 'ANAND', 'BE', 'B', 'B2', 123, 0, '', '', 'CSDLO7031', 'ILO7016', 7),
('16CE1056', 12, 'PHADATARE', 'ROHAN', 'BAJARANG', 'BE', 'B', 'B4', 123, 7045738507, 'rohanphadatare08@gmail.com', '', 'CSDLO7032', 'ILO7013', 7),
('16CE1057', 10, 'DAHAT', 'PRAKARSHA', '', 'BE', 'A', 'A2', 123, 0, '', '', 'CSDLO7032', 'ILO7013', 7),
('16CE1058 ', 14, 'WAGHMARE', 'RUCHITA', 'PRALHAD', 'BE', 'B', 'B3', 123, 0, '', '', 'CSDLO7031', 'ILO7016', 7),
('16CE1059', 19, 'TONDALE', 'STEPHEN', 'PRABHAKAR', 'BE', 'B', 'B4', 123, 0, '', '', 'CSDLO7032', 'ILO7013', 7),
('16CE1060', 2, 'RANE', 'MUKUL', 'PARAG', 'BE', 'B', 'B3', 123, 0, '', '', 'CSDLO7031', 'ILO7016', 7),
('16CE1061', 11, 'PARAB', 'SAHIL', 'VISHWANATH', 'BE', 'B', 'B1', 123, 919930615540, 'sahilparab2609@gmail.com', '8uOBAb', 'CSDLO7032', 'ILO7016', 7),
('16CE1062', 9, 'PATIL', 'PARIKSHIT', 'SUNIL', 'BE', 'B', 'B4', 123, 0, '', '', 'CSDLO7032', 'ILO7013', 7),
('16CE1063', 4, 'BHOLE', 'SNEHAL', 'SUDHIR', 'BE', 'A', 'A2', 123, 0, '', '', 'CSDLO7032', 'ILO7013', 7),
('16CE1064', 7, 'CHAUDHARI', 'SAMRUDDHI', '', 'BE', 'A', 'A2', 123, 0, '', '', 'CSDLO7032', 'ILO7013', 7),
('16CE1065', 14, 'PATIL', 'HITESH', 'SUDAM', 'BE', 'B', 'B1', 123, 0, '', '', 'CSDLO7032', 'ILO7016', 7),
('16CE1066', 5, 'MONDKAR', 'SHAMALI', 'DATTAPRASAD', 'BE', 'B', 'B1', 123, 0, '', '', 'CSDLO7032', 'ILO7016', 7),
('16CE1067', 13, 'UGALMUGLE', 'PRAJAKTA', 'BHAGWAT', 'BE', 'B', 'B3', 123, 0, '', '', 'CSDLO7031', 'ILO7016', 7),
('16CE1069', 19, 'SHENDE', 'ANSHUL', 'SANJAY', 'BE', 'B', 'B1', 123, 0, '', '', 'CSDLO7032', 'ILO7016', 7),
('16CE1070', 5, 'JERIN', 'THOMAS', '', 'BE', 'A', 'A1', 123, 0, '', '', 'CSDLO7032', 'ILO7013', 7),
('16CE1071', 20, 'WARKE', 'VEDANT', 'DEVIDAS', 'BE', 'B', 'B4', 123, 0, '', '', 'CSDLO7032', 'ILO7013', 7),
('16CE1072', 10, 'KADWE', 'SHIVANSH', 'RAJESH', 'BE', 'A', 'A3', 123, 0, '', '', 'CSDLO7032', 'ILO7013', 7),
('16CE1073', 16, 'PATIL', 'NIBHA', 'KIRTI', 'BE', 'B', 'B1', 123, 0, '', '', 'CSDLO7032', 'ILO7016', 7),
('16CE1075', 6, 'MALGAONKAR', 'PRASAD', '', 'BE', 'A', 'A1', 123, 0, '', '', 'CSDLO7032', 'ILO7013', 7),
('16CE1076', 7, 'KADAM', 'ANKIT', 'DILIP', 'BE', 'A', 'A1', 123, 8097149454, 'kadm.ankit1999@gmail.com', '234159', 'CSDLO7032', 'ILO7013', 7),
('16CE1078', 17, 'SHINDE', 'SHREEYA', 'RAMDAS', 'BE', 'B', 'B4', 123, 9702848869, 'shreeya171098@gmail.com', '', 'CSDLO7032', 'ILO7013', 7),
('16CE1079', 8, 'DEOLALKAR', 'SHUBHAM', '', 'BE', 'A', 'A1', 123, 919769298671, 'deolalkar.shubham@gmail.com', 'bHp459', 'CSDLO7032', 'ILO7013', 7),
('16CE1081', 8, 'CHAVAN', 'NINAD', 'SHIVAJI', 'BE', 'A', 'A2', 123, 0, '', '', 'CSDLO7032', 'ILO7013', 7),
('16CE1082', 1, 'RAGESH', 'NATARAJAN', 'PUNITHA', 'BE', 'B', 'B3', 123, 0, '', '', 'CSDLO7031', 'ILO7016', 7),
('16CE1083', 5, 'RUPNE', 'LAUKIK', 'BALASAHEB', 'BE', 'B', 'B3', 123, 0, '', '', 'CSDLO7031', 'ILO7016', 7),
('16CE1085', 9, 'KAMATH', 'SACHIN', 'RAMESH', 'BE', 'A', 'A1', 123, 9769602270, 'sachinrkamath18@gmail.com', '071934', 'CSDLO7032', 'ILO7013', 7),
('16CE1086', 21, 'SINGH', 'SHIVAM', 'VIJAY', 'BE', 'B', 'B1', 123, 0, '', '', 'CSDLO7032', 'ILO7016', 7),
('16CE1087', 22, 'SONAWANE', 'PRANITA', 'MADHUKAR', 'BE', 'B', 'B1', 123, 0, '', '', 'CSDLO7032', 'ILO7016', 7),
('16CE1088', 15, 'SAWANT', 'MITESH', 'MILIND', 'BE', 'B', 'B4', 123, 0, '', '', 'CSDLO7032', 'ILO7013', 7),
('16CE1089', 10, 'KUDE', 'SHREYAS', 'RAJENDRA', 'BE', 'A', 'A1', 123, 918452884280, 'kude.shreyas.16ce1089@gmail.com', '691037', 'CSDLO7032', 'ILO7013', 7),
('16CE1090', 8, 'GUPTA', 'SHAGUN', 'SANYOG', 'BE', 'A', 'A3', 123, 9764845680, 'shagungupta1410@gmail.com', '', 'CSDLO7032', 'ILO7013', 7),
('16CE1091', 11, 'MANDKE', 'CHINMAY', 'SANDEEP', 'BE', 'A', 'A1', 123, 0, '', '', 'CSDLO7032', 'ILO7013', 7),
('16CE1093', 12, 'JADHAV', 'SUCHIT', 'VIJAY', 'BE', 'A', 'A1', 123, 0, '', '', 'CSDLO7032', 'ILO7013', 7),
('16CE1094', 13, 'KAVIMANDAN', 'CHINMAY', 'RAM', 'BE', 'A', 'A1', 123, 0, '', '', 'CSDLO7032', 'ILO7013', 7),
('16CE1095', 19, 'KHOBRAGADE', 'NIKITA', 'YOGIRAJ', 'TE', 'A', 'A4', 123, 0, '', '', 'CSDLO5013', '', 5),
('16CE1096', 7, 'SAHU', 'NITIN', 'SURJYANARAYAN', 'BE', 'B', 'B3', 123, 0, '', '', 'CSDLO7031', 'ILO7016', 7),
('16CE1097', 12, 'PATEL', 'MOHIT', 'AMRUTLAL', 'BE', 'B', 'B1', 123, 0, '', '', 'CSDLO7032', 'ILO7016', 7),
('16CE1098', 10, 'PATIL', 'PRATHAMESH', 'SUNIL', 'BE', 'B', 'B4', 123, 0, '', '', 'CSDLO7032', 'ILO7013', 7),
('16CE2001', 14, 'AGARWAL', 'ANKUSH', '', 'BE', 'A', 'A1', 123, 0, '', '', 'CSDLO7032', 'ILO7013', 7),
('16CE2002', 12, 'KHALFAY', 'AMAN', 'MOHASIN', 'BE', 'A', 'A4', 123, 0, '', '', 'CSDLO7032', 'ILO7016', 7),
('16CE2003', 1, 'BELGAONKAR', 'SHUBHAM', '', 'BE', 'A', 'A4', 123, 0, '', '', 'CSDLO7031', 'ILO7016', 7),
('16CE2004', 2, 'BERA', 'SOUBIK', 'SUJIT', 'BE', 'A', 'A2', 123, 0, '', '', 'CSDLO7032', 'ILO7013', 7),
('16CE2005', 2, 'DESHPANDE', 'HARSHAL', 'PRASHANT', 'BE', 'A', 'A3', 123, 0, '', '', 'CSDLO7032', 'ILO7013', 7),
('16CE2006', 15, 'MAHESHWARI', 'VINAY', 'ANUJ', 'BE', 'A', 'A1', 123, 9930606590, 'maheshwari.vinay.16ce2006@gmail.com', '', 'CSDLO7032', 'ILO7013', 7),
('16CE2007', 9, 'GUPTA', 'SUMEET', 'SATYADEV', 'BE', 'A', 'A3', 123, 0, '', '', 'CSDLO7032', 'ILO7013', 7),
('16CE2008', 18, 'SINGH', 'ROHAN', 'VINAY', 'BE', 'B', 'B4', 123, 0, '', '', 'CSDLO7032', 'ILO7013', 7),
('16CE2009', 3, 'YADAV', 'ANUSHKA', 'RAMBRIKSHA', 'BE', 'B', 'B4', 123, 0, '', '', 'CSDLO7032', 'ILO7016', 7),
('16CE2010', 21, 'YADAV', 'SWARAJ', 'SAMBHAJI', 'BE', 'B', 'B4', 123, 0, '', '', 'CSDLO7032', 'ILO7013', 7),
('16CE2011', 18, 'RATHOD', 'PIYUSH', 'ANIL', 'BE', 'B', 'B1', 123, 9820572514, 'piyushr269@gmail.com', '', 'CSDLO7032', 'ILO7016', 7),
('16CE2012', 11, 'PAI', 'PARICHAY', 'VISHWANATH', 'BE', 'A', 'A4', 123, 0, '', '', 'CSDLO7032', 'ILO7016', 7),
('16CE2015', 1, 'VADWALKAR', 'SALONI', 'SANJAY', 'BE', 'B', 'B4', 123, 0, '', '', 'CSDLO7032', 'ILO7016', 7),
('16CE2016', 8, 'NASSA', 'BHAVESH', 'SATISH', 'BE', 'B', 'B1', 123, 0, '', '', 'CSDLO7032', 'ILO7016', 7),
('16CE2017', 13, 'PRAJAPATI', 'SHASHIKANT', 'SHYAM', 'TE', 'B', 'B2', 123, 9920595479, 'shashikantprajapati291198@gmail.com', '106325', 'CSDLO5013', '', 5),
('16CE2018', 9, 'PANDEY', 'APOORVA', 'ATUL', 'BE', 'B', 'B1', 123, 0, '', '', 'CSDLO7032', 'ILO7016', 7),
('16CE2019', 11, 'DESHMUKH', 'PRIYANKA', '', 'BE', 'A', 'A2', 123, 0, '', '', 'CSDLO7032', 'ILO7013', 7),
('16CE2020', 9, 'PAINJANE', 'VEDIKA', 'VISHWANATH', 'BE', 'B', 'B2', 123, 9702405251, 'vedikapainjane@gmail.com', '073192', 'CSDLO7031', 'ILO7016', 7),
('16CE2021', 3, 'BHAKE', 'SIMRAN', 'RANJIT', 'BE', 'A', 'A2', 123, 0, '', '', 'CSDLO7032', 'ILO7013', 7),
('16CE2023', 5, 'BOHRA', 'MANAN', 'LALIT', 'BE', 'A', 'A2', 123, 0, '', '', 'CSDLO7032', 'ILO7013', 7),
('16CE2025', 17, 'THAKUR', 'RIYA', 'YESHWANT', 'BE', 'A', 'A2', 123, 0, '', '', 'CSDLO7032', 'ILO7013', 7),
('16CE2026', 9, 'CHOUDHARY', 'TWISHA', '', 'BE', 'A', 'A2', 123, 0, '', '', 'CSDLO7032', 'ILO7013', 7),
('16CE2027', 17, 'PREETI', 'SWATI', 'VISHWA', 'BE', 'A', 'A4', 123, 0, '', '', 'CSDLO7032', 'ILO7013', 7),
('16CE2028', 16, 'BHAGWAT', 'TANMAY', 'VIKAS', 'BE', 'A', 'A1', 123, 9920361298, 'bhagwat.tanmay.16ce2028@gmail.com', '', 'CSDLO7032', 'ILO7013', 7),
('16CE2029', 10, 'PARAB', 'JATIN', 'KISHOR', 'BE', 'B', 'B1', 123, 0, '', '', 'CSDLO7032', 'ILO7016', 7),
('16CE2030', 1, 'GUPTA', 'SHUBHAM', 'SARVESH', 'BE', 'B', 'B1', 123, 0, '', '', 'CSDLO7032', 'ILO7016', 7),
('16CE2031', 6, 'APSHINGE', 'ADITYA', 'VIJAY', 'BE', 'B', 'B4', 123, 0, '', '', 'CSDLO7032', 'ILO7013', 7),
('16CE2032', 7, 'GHANATE', 'YASH', 'GAUTAM', 'BE', 'B', 'B4', 123, 0, '', '', 'CSDLO7032', 'ILO7013', 7),
('16CE2033', 3, 'KHAN', 'HUDA', 'GHULAM', 'BE', 'B', 'B1', 123, 0, '', '', 'CSDLO7032', 'ILO7016', 7),
('16CE5023', 19, 'GULDAGAD', 'VIDYA', 'RAVASAHEB', 'BE', 'A', 'A2', 123, 0, '', '', 'CSDLO7032', 'ILO7013', 7),
('16CE5507', 20, 'ALTE', 'NIRAJKUMAR', 'DASHRATHRAO', 'BE', 'C', 'C1', 123, 0, '', '', 'CSDLO7032', 'ILO7013', 7),
('16CE5510', 20, 'BHOIR', 'PANKAJ', 'ASHOK', 'BE', 'C', 'C3', 123, 0, '', '', 'CSDLO7032', 'ILO7013', 7),
('16CE5511', 20, 'PARDESHI', 'AKSHAY', 'PRADEEP', 'BE', 'C', 'C2', 123, 0, '', '', 'CSDLO7032', 'ILO7013', 7),
('16CE6101', 13, 'PATIL', 'DURGESH', 'ARUN', 'BE', 'B', 'B1', 123, 0, '', '', 'CSDLO7032', 'ILO7016', 7),
('16CE6152', 17, 'SHAH', 'DHRUPAL', 'PARESH', 'BE', 'A', 'A1', 123, 0, '', '', 'CSDLO7032', 'ILO7013', 7),
('16CE6202', 22, 'Patil', 'Ruchita', 'Ram', 'BE', 'B', 'B4', 123, 0, '', '', 'CSDLO7032', 'ILO7016', 7),
('16CE7001', 14, 'SHAH', 'TANVI', 'DHARMESH', 'BE', 'C', 'C3', 123, 0, '', '', 'CSDLO7032', 'ILO7013', 7),
('16CE7002', 15, 'UNDE', 'NILESH', 'PANDURANG', 'BE', 'C', 'C3', 123, 0, '', '', 'CSDLO7032', 'ILO7013', 7),
('16CE7003', 6, 'MAHAJAN', 'YASH', 'VIJAY', 'BE', 'C', 'C3', 123, 0, '', '', 'CSDLO7032', 'ILO7013', 7),
('16CE7004', 12, 'RAJPUT', 'SAGAR', 'GANESHSINGH', 'BE', 'C', 'C3', 123, 0, '', '', 'CSDLO7032', 'ILO7013', 7),
('16CE7005', 17, 'UPADHYAY', 'ANAND', 'SURESH', 'BE', 'C', 'C1', 123, 0, '', '', 'CSDLO7032', 'ILO7013', 7),
('16CE7006', 5, 'GUJARE', 'RITURAJ', 'RAJENDRA', 'BE', 'C', 'C2', 123, 0, '', '', 'CSDLO7032', 'ILO7013', 7),
('16CE7007', 10, 'KAPKAR', 'SAYLEE', '', 'TE', 'C', 'C4', 123, 0, '', '', 'CSDLO5011', '', 5),
('16CE7008', 9, 'KAMTAM', 'AISHWARYA', 'RAMESH', 'BE', 'C', 'C2', 123, 0, '', '', 'CSDLO7032', 'ILO7013', 7),
('16CE7009', 5, 'MENON', 'ANKITA', 'MURALEEDHARAN', 'BE', 'C', 'C3', 123, 0, '', '', 'CSDLO7032', 'ILO7016', 7),
('16CE7010', 5, 'BHERE', 'PRADIP', 'ASHOK', 'BE', 'C', 'C1', 123, 0, '', '', 'CSDLO7032', 'ILO7013', 7),
('16CE7012', 10, 'KANCHAN', 'SAURAV', 'NAVEENCHANDRA', 'BE', 'C', 'C2', 123, 0, '', '', 'CSDLO7032', 'ILO7013', 7),
('16CE7013', 13, 'MALI', 'SHRADDHA', 'SANJAY', 'BE', 'C', 'C1', 123, 0, '', '', 'CSDLO7032', 'ILO7013', 7),
('16CE7014', 13, 'KEDARE', 'AKHIL', 'SURYAKANT', 'BE', 'C', 'C2', 123, 0, '', '', 'CSDLO7032', 'ILO7013', 7),
('16CE7015', 6, 'GAIKWAD', 'PRATIK', 'SUDHIR', 'TE', 'C', 'C4', 123, 0, '', '', 'CSDLO5011', '', 5),
('16CE7016', 10, 'RAJPUT', 'SATWEEK', 'RAJENDRASING', 'BE', 'C', 'C4', 123, 0, '', '', 'CSDLO7031', 'ILO7016', 7),
('16CE7017', 12, 'JAIN', 'AKSHAY', 'RAJESH', 'BE', 'C', 'C4', 123, 0, '', '', 'CSDLO7031', 'ILO7016', 7),
('16CE7018', 8, 'SHENDE', 'MRUNAL', 'KEWALRAM', 'BE', 'C', 'C4', 123, 0, '', '', 'CSDLO7031', 'ILO7016', 7),
('16CE7019', 2, 'NIMJE', 'ROHAN', 'CHANDRAKANT', 'BE', 'C', 'C3', 123, 0, '', '', 'CSDLO7032', 'ILO7016', 7),
('16CE7020', 6, 'PAWAR', 'OMKAR', 'SUHAS', 'BE', 'C', 'C4', 123, 0, '', '', 'CSDLO7031', 'ILO7016', 7),
('16CE7021', 16, 'LENGARE', 'GAURAV', 'MADHUKAR', 'BE', 'C', 'C2', 123, 0, '', '', 'CSDLO7032', 'ILO7013', 7),
('16CE7022', 11, 'RAJPUT', 'NAVJOT', 'SINGH', 'BE', 'C', 'C3', 123, 0, '', '', 'CSDLO7032', 'ILO7013', 7),
('16CE7023', 3, 'PATIL', 'MANSVI', 'RAJENDRA', 'BE', 'C', 'C2', 123, 0, '', '', 'CSDLO7032', 'ILO7016', 7),
('16CE7024', 9, 'MORE', 'SWAPNIL', 'SANJAY', 'BE', 'C', 'C3', 123, 0, '', '', 'CSDLO7032', 'ILO7013', 7),
('16CE7025', 8, 'CHORGHE', 'NIKITA', 'MARUTI', 'BE', 'C', 'C1', 123, 0, '', '', 'CSDLO7032', 'ILO7013', 7),
('16CE7027', 9, 'MUNOT', 'SIMRAN', 'DEEPAK', 'BE', 'C', 'C4', 123, 8291184957, 'simranm3636@gmail.com', '', 'CSDLO7031', 'ILO7016', 7),
('16CE7028', 18, 'WAYKAR', 'JINAL', 'SUNIL', 'BE', 'C', 'C1', 123, 0, '', '', 'CSDLO7032', 'ILO7013', 7),
('16CE7029', 11, 'KULKARNI', 'ABHISHEK', 'SANJAY', 'BE', 'C', 'C1', 123, 0, '', '', 'CSDLO7032', 'ILO7013', 7),
('16CE7030', 3, 'SWAMI', 'SIDDHESH', 'GANPAT', 'BE', 'C', 'C3', 123, 0, '', '', 'CSDLO7032', 'ILO7016', 7),
('16CE7031', 17, 'MAGOO', 'ANKIT', 'ASHOK', 'BE', 'C', 'C2', 123, 0, '', '', 'CSDLO7032', 'ILO7013', 7),
('16CE7032', 12, 'MAKANDAR', 'ARBAAZ', 'AYUB', 'BE', 'C', 'C1', 123, 0, '', '', 'CSDLO7032', 'ILO7013', 7),
('16CE7033', 13, 'VADDKKEPURAK', 'PRASANNA', '', 'BE', 'C', 'C3', 123, 0, '', '', 'CSDLO7032', 'ILO7013', 7),
('16CE7034', 16, 'RATHOD', 'MAYANK', 'ASHISH', 'TE', 'C', 'C4', 123, 0, '', '', 'CSDLO5011', '', 5),
('16CE7035', 14, 'KHARADE', 'TEJASWI', 'SAMPAT', 'BE', 'C', 'C2', 123, 0, '', '', 'CSDLO7032', 'ILO7013', 7),
('16CE7036', 7, 'MAHITHA', 'B', 'S', 'BE', 'C', 'C3', 123, 0, '', '', 'CSDLO7032', 'ILO7013', 7),
('16CE7037', 7, 'RAJULU', 'SRITEJ', 'GOVINDA', 'BE', 'C', 'C4', 123, 0, '', '', 'CSDLO7031', 'ILO7016', 7),
('16CE7038', 18, 'WORLIKAR', 'NIKET', 'MADAN', 'BE', 'C', 'C3', 123, 0, '', '', 'CSDLO7032', 'ILO7013', 7),
('16CE7039', 15, 'LADDHA', 'PUNIT', 'VINOD', 'BE', 'C', 'C2', 123, 0, '', '', 'CSDLO7032', 'ILO7013', 7),
('16CE7040', 6, 'GURAV', 'SHUBHAM', 'SUDHIR', 'BE', 'C', 'C2', 123, 0, '', '', 'CSDLO7032', 'ILO7013', 7),
('16CE7041', 19, 'KOTAMBE', 'NIKITA', 'MAHADEO', 'BE', 'C', 'C3', 123, 0, '', '', 'CSDLO7032', 'ILO7013', 7),
('16CE7042', 1, 'PATEL', 'SAHIR', 'MUZAMMIL', 'BE', 'C', 'C4', 123, 0, '', '', 'CSDLO7031', 'ILO7016', 7),
('16CE7043', 4, 'DEORE', 'SWAPNIL', 'SHALIGRAM', 'BE', 'C', 'C2', 123, 0, '', '', 'CSDLO7032', 'ILO7013', 7),
('16CE8001', 19, 'SHINDE', 'DHARMRAJ', 'MALOJI', 'TE', 'C', 'C4', 123, 0, '', '', 'CSDLO5011', '', 5),
('16CE8002', 2, 'MAHENDRA', 'SPARSH', 'PRAVEEN', 'BE', 'C', 'C4', 123, 0, '', '', 'CSDLO7031', 'ILO7016', 7),
('16CE8003', 8, 'GULHANE', 'ANURAG', 'NITIN', 'TE', 'C', 'C4', 123, 0, '', '', 'CSDLO5011', '', 5),
('16CE8005', 12, 'KASHIV', 'KRISHNA', 'ANUPAM', 'BE', 'C', 'C2', 123, 0, '', '', 'CSDLO7032', 'ILO7013', 7),
('16CE8006', 6, 'BHOPE', 'HARSHAL', 'HEMANT', 'BE', 'C', 'C1', 123, 0, '', '', 'CSDLO7032', 'ILO7013', 7),
('16CE8007', 17, 'WARAICH', 'HARMAN', 'SINGH', 'BE', 'C', 'C3', 123, 0, '', '', 'CSDLO7032', 'ILO7013', 7),
('16CE8008', 7, 'CHAUDHARI', 'KETAN', 'DINESH', 'BE', 'C', 'C1', 123, 0, '', '', 'CSDLO7032', 'ILO7013', 7),
('16CE8009', 11, 'KAPIL', 'DIVYA', 'HARISH', 'BE', 'C', 'C2', 123, 0, '', '', 'CSDLO7032', 'ILO7013', 7),
('16CE8010', 14, 'MITTAL', 'SHRISTI', 'VIRENDRA', 'BE', 'C', 'C1', 123, 0, '', '', 'CSDLO7032', 'ILO7013', 7),
('16CE8011', 11, 'KIRGAT', 'SAURABH', 'MAHADEV', 'TE', 'C', 'C4', 123, 0, '', '', 'CSDLO5011', '', 5),
('16CE8012', 18, 'SHARMA', 'MANMOHAN', 'PAWANKUMAR', 'BE', 'C', 'C2', 123, 0, '', '', 'CSDLO7032', 'ILO7013', 7),
('16CE8013', 19, 'YEVALE', 'MITALI', 'JALANDAR', 'BE', 'C', 'C1', 123, 0, '', '', 'CSDLO7032', 'ILO7013', 7),
('16CE8014', 4, 'NISHA', 'RAMAKRISHNAN', 'SEETHA', 'BE', 'C', 'C1', 123, 0, '', '', 'CSDLO7032', 'ILO7016', 7),
('16CE8015', 1, 'ADHALGE', 'ANIKET', 'LAXMAN', 'TE', 'C', 'C4', 123, 9833610894, 'aniketadhalge98@gmail.com', '421076', 'CSDLO5011', '', 5),
('16CE8017', 10, 'MUNDHRA', 'MEET', 'SHIV', 'BE', 'C', 'C3', 123, 0, '', '', 'CSDLO7032', 'ILO7013', 7),
('17CE1001', 7, 'MORE', 'VIVEK', 'CHANDRAKANT', 'TE', 'A', 'A4', 123, 0, '', '', 'CSDLO5013', '', 5),
('17CE1002', 10, 'SHIRSATH', 'NILESH', 'ADINATH', 'TE', 'B', 'B3', 123, 0, '', '', 'CSDLO5013', '', 5),
('17CE1003', 5, 'NAVLE', 'DIKSHITA', 'ANKUSH', 'TE', 'B', 'B1', 123, 0, '', '', 'CSDLO5013', '', 5),
('17CE1004', 12, 'KHACHANE', 'SAGAR', 'JAYANT', 'TE', 'A', 'A1', 123, 0, '', '', 'CSDLO5011', '', 5),
('17CE1005', 17, 'KSHIRSAGAR', 'AJINKYA', 'PRAVIN', 'TE', 'A', 'A4', 123, 0, '', '', 'CSDLO5013', '', 5),
('17CE1006', 18, 'KOLI', 'VIREN', 'SUDHAKAR', 'TE', 'A', 'A2', 123, 0, '', '', 'CSDLO5013', '', 5),
('17CE1007', 5, 'JADHAV', 'ATHARVA', 'VIDYADHAR', 'TE', 'A', 'A3', 123, 0, '', '', 'CSDLO5013', '', 5),
('17CE1008', 2, 'HABIBKAR', 'JATIN', 'KRISHNA', 'TE', 'A', 'A3', 123, 918433686604, 'jatinkrishnahabibkar@gmail.com', '034957', 'CSDLO5013', '', 5),
('17CE1009', 9, 'RENGE', 'ABHIJEET', 'RAMESHWAR', 'TE', 'B', 'B2', 123, 0, '', '', 'CSDLO5013', '', 5),
('17CE1010', 3, 'BORSE', 'PRANJAL', 'ANIL', 'TE', 'A', 'A2', 123, 0, '', '', 'CSDLO5013', '', 5),
('17CE1011', 13, 'YEOLE', 'VISHAL', 'DATTATRAY', 'TE', 'B', 'B4', 123, 0, '', '', 'CSDLO5013', '', 5),
('17CE1012', 13, 'DABHADE', 'NACHIKET', 'SHYAM', 'TE', 'A', 'A2', 123, 0, '', '', 'CSDLO5013', '', 5),
('17CE1013', 1, 'GAMBHIR', 'BALVINDER', 'GURMEET', 'TE', 'A', 'A3', 123, 0, '', '', 'CSDLO5013', '', 5),
('17CE1014', 1, 'AHER', 'PRATIK', 'SANJAY', 'TE', 'A', 'A1', 123, 0, '', '', 'CSDLO5011', '', 5),
('17CE1015', 11, 'SINGH', 'AKASH', 'AJAYKUMAR', 'TE', 'B', 'B3', 123, 0, '', '', 'CSDLO5013', '', 5),
('17CE1016', 13, 'MALPURE', 'TANMAY', 'ANIL', 'TE', 'A', 'A4', 123, 0, '', '', 'CSDLO5013', '', 5),
('17CE1017', 10, 'GUPTA', 'PRIYA', 'RAM', 'TE', 'A', 'A3', 123, 0, '', '', 'CSDLO5013', '', 5),
('17CE1018', 12, 'BHAT', 'MOHIT', 'DEVENDER', 'TE', 'A', 'A2', 123, 0, '', '', 'CSDLO5013', '', 5),
('17CE1019', 2, 'BADGUJAR', 'LOKESH', 'MAHESH', 'TE', 'A', 'A1', 123, 0, '', '', 'CSDLO5011', '', 5),
('17CE1020', 10, 'PATEL', 'YASH', 'DHIRAJBHAI', 'TE', 'B', 'B1', 123, 0, '', '', 'CSDLO5013', '', 5),
('17CE1021', 2, 'MHATRE', 'NIKHIL', 'NANDKUMAR', 'TE', 'A', 'A4', 123, 917045220061, 'mhatrenikhil36@gmail.com', 'KFHt6e', 'CSDLO5013', '', 5),
('17CE1022', 7, 'RATHOR', 'PRATIK', 'ANILSINGH', 'TE', 'B', 'B2', 123, 0, '', '', 'CSDLO5013', '', 5),
('17CE1023', 14, 'WADEKAR', 'SNEHA', 'ANIL', 'TE', 'B', 'B3', 123, 0, '', '', 'CSDLO5013', '', 5),
('17CE1024', 6, 'KADAM', 'SIDDHI', 'PANDURANG', 'TE', 'A', 'A4', 123, 0, '', '', 'CSDLO5013', '', 5),
('17CE1025', 10, 'SALIAN', 'BEENAA', 'MOTIRAM', 'TE', 'B', 'B2', 123, 0, '', '', 'CSDLO5013', '', 5),
('17CE1026', 8, 'THAKARE', 'ABHISHEK', 'SANJAY', 'TE', 'B', 'B4', 123, 0, '', '', 'CSDLO5013', '', 5),
('17CE1028', 15, 'KELKAR', 'SHREERAM', 'SUHAS', 'TE', 'A', 'A2', 123, 0, '', '', 'CSDLO5013', '', 5),
('17CE1029', 13, 'KULKARNI', 'PRANAV', 'BHIMRAO', 'TE', 'A', 'A1', 123, 0, '', '', 'CSDLO5011', '', 5),
('17CE1030', 13, 'VELANKAR', 'ANIRUDDHA', 'ANANT', 'TE', 'B', 'B3', 123, 0, '', '', 'CSDLO5013', '', 5),
('17CE1031', 7, 'GHARAT', 'SHUBHAM', 'ARVIND', 'TE', 'A', 'A3', 123, 0, '', '', 'CSDLO5013', '', 5),
('17CE1032', 11, 'LAKRA', 'SHALINI', 'BINAY', 'TE', 'A', 'A4', 123, 0, '', '', 'CSDLO5013', '', 5),
('17CE1033', 6, 'GHANWAT', 'KOMAL', 'VITTHAL', 'TE', 'A', 'A3', 123, 0, '', '', 'CSDLO5013', '', 5),
('17CE1034', 12, 'JAWARE', 'HITESH', 'SHANTARAM', 'TE', 'A', 'A4', 123, 0, '', '', 'CSDLO5013', '', 5),
('17CE1035', 3, 'GAIKWAD', 'HARSHALI', 'VASANT', 'TE', 'A', 'A3', 123, 0, '', '', 'CSDLO5013', '', 5),
('17CE1036', 12, 'PATIL', 'KAJAL', 'PRAMOD', 'TE', 'B', 'B1', 123, 0, '', '', 'CSDLO5013', '', 5),
('17CE1037', 17, 'MADKE', 'SHWETA', 'HARIBHAU', 'SE', 'A', 'A2', 123, 0, '', '', '', '', 3),
('17CE1038', 11, 'SAYALE', 'KIRAN', 'TRYAMBAK', 'TE', 'B', 'B2', 123, 9892466757, 'kiransayale56@gmail.com', '209564', 'CSDLO5013', '', 5),
('17CE1039', 1, 'PANDEY', 'ASHUTOSH', 'SURENDRA', 'SE', 'B', 'B1', 123, 0, '', '', '', '', 3),
('17CE1040', 5, 'PATIL', 'VIRAJ', 'PRAKASH', 'TE', 'B', 'B2', 123, 0, '', '', 'CSDLO5013', '', 5),
('17CE1041', 6, 'NIKAM', 'ROHAN', 'ANIL', 'TE', 'B', 'B1', 123, 0, '', '', 'CSDLO5013', '', 5),
('17CE1042', 17, 'KUMTHEKAR', 'AARYA', 'SANJAY', 'TE', 'A', 'A2', 123, 0, '', '', 'CSDLO5013', '', 5),
('17CE1043', 16, 'FULZELE', 'ADITYA', 'NITINCHANDRA', 'SE', 'A', 'A2', 123, 0, '', '', '', '', 3),
('17CE1044', 1, 'CHAUDHARI', 'POOJA', 'GIRISH', 'TE', 'A', 'A2', 123, 0, '', '', 'CSDLO5013', '', 5),
('17CE1045', 11, 'CHAUDHARI', 'POOJA', 'HARISHCHANDRA', 'TE', 'A', 'A2', 123, 0, '', '', 'CSDLO5013', '', 5),
('17CE1046', 2, 'ALEKAR', 'SADIYA', 'LIYAKAT', 'TE', 'A', 'A2', 123, 0, '', '', 'CSDLO5013', '', 5),
('17CE1047', 1, 'RAJ', 'AKASH', 'RAJKUMAR', 'TE', 'B', 'B3', 123, 0, '', '', 'CSDLO5013', '', 5),
('17CE1048', 12, 'WAYKOLE', 'YOGINI', 'NARESH', 'TE', 'B', 'B4', 123, 0, '', '', 'CSDLO5013', '', 5),
('17CE1049', 8, 'SAYYED', 'EJAAZ', 'QUADRI', 'TE', 'B', 'B3', 123, 0, '', '', 'CSDLO5013', '', 5),
('17CE1050', 9, 'PARTE', 'RIYA', 'SANTOSH', 'TE', 'B', 'B1', 123, 0, '', '', 'CSDLO5013', '', 5),
('17CE1051', 16, 'JUNGHARE', 'SHUBHAM', 'DNYANDEO', 'TE', 'A', 'A2', 123, 0, '', '', 'CSDLO5013', '', 5),
('17CE1052', 4, 'GHARAT', 'ANURAG', 'ARAVIND', 'TE', 'A', 'A4', 123, 0, '', '', 'CSDLO5013', '', 5),
('17CE1053', 3, 'PATIL', 'RANJEET', 'ASHOK', 'TE', 'B', 'B3', 123, 0, '', '', 'CSDLO5013', '', 5),
('17CE1055', 7, 'CHAVAN', 'SWARAJ', 'BALU', 'TE', 'A', 'A2', 123, 0, '', '', 'CSDLO5013', '', 5),
('17CE1056', 3, 'GAIKWAD', 'ANOUSHKA', 'RAMESH', 'TE', 'A', 'A4', 123, 0, '', '', 'CSDLO5013', '', 5),
('17CE1057', 9, 'VAJAREKAR', 'SIDDHI', 'SURESH', 'TE', 'B', 'B4', 123, 0, '', '', 'CSDLO5013', '', 5),
('17CE1058', 8, 'PARDESHI', 'RITESH', 'RATILAL', 'TE', 'B', 'B1', 123, 0, '', '', 'CSDLO5013', '', 5),
('17CE1059', 1, 'MUTHE', 'MADHURI', 'RAJESH', 'TE', 'B', 'B1', 123, 0, '', '', 'CSDLO5013', '', 5),
('17CE1060', 9, 'SHERLEKAR', 'SAMPADA', 'DASHARATH', 'TE', 'B', 'B3', 123, 0, '', '', 'CSDLO5013', '', 5),
('17CE1061', 7, 'ROKADE', 'SUJAY', 'SUDHIR', 'TE', 'B', 'B3', 123, 0, '', '', 'CSDLO5013', '', 5),
('17CE1063', 14, 'CHAUDHARI', 'PUNIT', 'ARUN', 'TE', 'A', 'A2', 123, 0, '', '', 'CSDLO5013', '', 5),
('17CE1064', 9, 'GOUNDER', 'VIGNESH', 'GNANASEKARAN', 'TE', 'A', 'A1', 123, 0, '', '', 'CSDLO5011', '', 5),
('17CE1065', 6, 'BHAT', 'ANIRUDH', 'BHAGWAN', 'TE', 'A', 'A2', 123, 0, '', '', 'CSDLO5013', '', 5),
('17CE1066', 4, 'NARVADE', 'OMKAR', 'YUVRAJ', 'TE', 'B', 'B1', 123, 0, '', '', 'CSDLO5013', '', 5),
('17CE1067', 6, 'GAJAKOS', 'MEHUL', 'SUDHAKAR', 'TE', 'A', 'A1', 123, 0, '', '', 'CSDLO5011', '', 5),
('17CE1068', 13, 'PATIL', 'MAYURI', 'NIWAS', 'TE', 'B', 'B1', 123, 0, '', '', 'CSDLO5013', '', 5),
('17CE1070', 10, 'AMBULGEKAR', 'SOURABH', 'SUBHASH', 'TE', 'A', 'A2', 123, 0, '', '', 'CSDLO5013', '', 5),
('17CE1071', 5, 'DEY', 'RUPAK', 'SAMIR', 'TE', 'A', 'A4', 123, 0, '', '', 'CSDLO5013', '', 5),
('17CE1072', 11, 'VIRANI', 'PAKSHAL', 'PARAS', 'TE', 'B', 'B4', 123, 0, '', '', 'CSDLO5013', '', 5),
('17CE1073 ', 20, 'KULKARNI', 'YASH', 'RAJEEV', 'TE', 'A', 'A2', 123, 0, '', '', 'CSDLO5013', '', 5),
('17CE1074', 7, 'PANTHI', 'AMIT', 'TOPLAL', 'TE', 'B', 'B1', 123, 0, '', '', 'CSDLO5013', '', 5),
('17CE1076', 12, 'GADHE', 'VISHAKHA', 'VIRENDRA', 'TE', 'A', 'A3', 123, 0, '', '', 'CSDLO5013', '', 5),
('17CE1077', 11, 'PATIL', 'AMULYA', 'ATULYA', 'TE', 'B', 'B1', 123, 9833871094, 'avengeramulya@gmail.com', '460159', 'CSDLO5013', '', 5),
('17CE1078', 6, 'RAJA', 'SIDDHARTH', 'R.C', 'TE', 'B', 'B3', 123, 0, '', '', 'CSDLO5013', '', 5),
('17CE1080', 9, 'BHOSALE', 'SANJEEL', 'SANDEEP', 'TE', 'A', 'A3', 123, 0, '', '', 'CSDLO5013', '', 5),
('17CE1081', 1, 'HARIHAR', 'SRIUJAN', 'SMRUTIN', 'TE', 'A', 'A4', 123, 0, '', '', 'CSDLO5013', '', 5),
('17CE1082', 4, 'PAWAR', 'KSHITIJ', 'VIJAYKUMAR', 'TE', 'B', 'B3', 123, 0, '', '', 'CSDLO5013', '', 5),
('17CE1083', 3, 'CHAUHAN', 'MOHAMMED', 'KASHIF', 'TE', 'A', 'A1', 123, 0, '', '', 'CSDLO5011', '', 5),
('17CE1084', 3, 'ONKAR', 'RUNDAN', 'RAVIKUMAR', 'TE', 'B', 'B2', 123, 0, '', '', 'CSDLO5013', '', 5),
('17CE1085', 8, 'BHANUSHALI', 'PAVAN', 'MOHANBHAI', 'TE', 'A', 'A3', 123, 0, '', '', 'CSDLO5013', '', 5),
('17CE1086', 2, 'MUTHE', 'ABHISHEK', 'SHANKAR', 'TE', 'B', 'B2', 123, 0, '', '', 'CSDLO5013', '', 5),
('17CE1089', 7, 'SINGH', 'TANMAY', 'ASHOK', 'TE', 'B', 'B4', 123, 0, '', '', 'CSDLO5013', '', 5),
('17CE1092', 14, 'KALE', 'HARSHAL', 'BAJIRAO', 'TE', 'A', 'A4', 123, 0, '', '', 'CSDLO5013', '', 5),
('17CE1093', 19, 'MISHRA', 'SIDDHARTH', 'VIVEK', 'TE', 'A', 'A2', 123, 0, '', '', 'CSDLO5013', '', 5),
('17CE1094', 10, 'DESHMUKH', 'TANMAY', 'SHIRISH', 'TE', 'A', 'A4', 123, 0, '', '', 'CSDLO5013', '', 5),
('17CE1095', 17, 'GUPTA', 'PRAJJWAL', 'ANAND', 'TE', 'A', 'A1', 123, 0, '', '', 'CSDLO5013', '', 5),
('17CE1096', 4, 'SHRIVASTAVA', 'AMANKUMAR', 'ANJANIKUMAR', 'TE', 'B', 'B4', 123, 0, '', '', 'CSDLO5013', '', 5),
('17CE2001', 10, 'JAIN', 'SANDARSH', 'MOHIT', 'TE', 'A', 'A1', 123, 0, '', '', 'CSDLO5011', '', 5),
('17CE2002', 8, 'RAY', 'VISHWAROOP', 'GANESH', 'TE', 'B', 'B2', 123, 0, '', '', 'CSDLO5013', '', 5),
('17CE2003', 13, 'DESHPANDE', 'REWA', 'SANCHIT', 'TE', 'A', 'A3', 123, 0, '', '', 'CSDLO5013', '', 5),
('17CE2004', 18, 'DIVEKAR', 'SHRUTI', 'DATTATRAY', 'TE', 'A', 'A3', 123, 0, '', '', 'CSDLO5013', '', 5),
('17CE2006', 8, 'MATHUR', 'SHIVIKA', 'SHARAT', 'TE', 'A', 'A4', 123, 0, '', '', 'CSDLO5013', '', 5),
('17CE2007', 1, 'TAMHANE', 'SOHAM', 'NIKET', 'TE', 'B', 'B4', 123, 0, '', '', 'CSDLO5013', '', 5),
('17CE2008', 3, 'NAIK', 'SHREEYA', 'MILIND', 'TE', 'B', 'B1', 123, 0, '', '', 'CSDLO5013', '', 5),
('17CE2010', 4, 'AGARWAL', 'NEIL', 'SANJAY', 'TE', 'A', 'A2', 123, 0, 'regalstreak@gmail.com', 'uSM7y8', 'CSDLO5013', '', 5),
('17CE2011', 8, 'BIRAJDAR', 'SANYUKTA', 'SIDDHESHWAR', 'TE', 'A', 'A2', 123, 0, '', '', 'CSDLO5013', '', 5),
('17CE2012', 16, 'WAGLE', 'SACHIT', 'UDAY', 'SE', 'B', 'B3', 123, 0, '', '', '', '', 3),
('17CE2015', 12, 'TIWARI', 'KRITIKA', 'LOKNATH', 'TE', 'B', 'B3', 123, 0, '', '', 'CSDLO5013', '', 5),
('17CE2016', 2, 'NAGARE', 'RUCHITA', 'SHIVAJI', 'TE', 'B', 'B1', 123, 0, '', '', 'CSDLO5013', '', 5),
('17CE2017', 9, 'GAIKWAD', 'AISHWARYA', 'DNYANESHWAR', 'TE', 'A', 'A2', 123, 0, '', '', 'CSDLO5013', '', 5),
('17CE2018', 17, 'PAWAR', 'AARYAK', 'MILIND', 'SE', 'B', 'B3', 123, 0, '', '', '', '', 3),
('17CE2019', 6, 'POTNIS', 'ANEESH', 'PRADEEP', 'TE', 'B', 'B2', 123, 0, '', '', 'CSDLO5013', '', 5),
('17CE2020', 18, 'POTE', 'SHREYASH', 'PRAVIN', 'SE', 'B', 'B2', 123, 0, '', '', '', '', 3),
('17CE2021', 5, 'SINGH', 'ABHIPREET', 'ABHAY', 'TE', 'B', 'B4', 123, 0, '', '', 'CSDLO5013', '', 5),
('17CE2023', 6, 'SINGH', 'RAGINEE', 'JITENDRAKUMAR', 'TE', 'B', 'B4', 123, 0, '', '', 'CSDLO5013', '', 5),
('17CE2024', 4, 'PATIL', 'ANIKET', 'PRAVEEN', 'TE', 'B', 'B2', 123, 0, '', '', 'CSDLO5013', '', 5),
('17CE2025', 5, 'LIKHITE', 'ARYAN', 'SHEKHAR', 'TE', 'A', 'A2', 123, 0, '', '', 'CSDLO5013', '', 5),
('17CE2026 ', 9, 'DONGRE', 'RUTUJA', 'MADHUMILIND', 'TE', 'A', 'A4', 123, 0, '', '', 'CSDLO5013', '', 5),
('17CE2027', 4, 'HOLANI', 'RISHI', 'MANOJ', 'TE', 'A', 'A3', 123, 919594539766, 'holani.rishi@gmail.com', '360179', 'CSDLO5013', '', 5),
('17CE2030', 2, 'GORE', 'ADWAIT', 'MADHUKAR', 'TE', 'B', 'B3', 123, 0, '', '', 'CSDLO5013', '', 5),
('17CE2031', 2, 'DAFE', 'UTKARSH', 'DEVENDRA', 'TE', 'B', 'B4', 123, 0, '', '', 'CSDLO5013', '', 5),
('17CE2032', 10, 'VARADE', 'SAURABH', 'NITIN', 'TE', 'B', 'B4', 123, 0, '', '', 'CSDLO5013', '', 5),
('17CE2033', 16, 'KOLI', 'SOMESH', 'MALESH', 'TE', 'A', 'A4', 123, 0, '', '', 'CSDLO5013', '', 5),
('17CE2034', 1, 'KOYANDE', 'SHREYA', 'VIJAY', 'TE', 'B', 'B2', 123, 0, '', '', 'CSDLO5013', '', 5),
('17CE2035', 5, 'PRASAD', 'ABHISHEK', 'SHASHIKANT', 'TE', 'B', 'B3', 123, 0, '', '', 'CSDLO5013', '', 5),
('17CE2036', 3, 'NAGTODE', 'VAIBHAVI', 'BHALCHANDRA', 'TE', 'B', 'B4', 123, 0, '', '', 'CSDLO5013', '', 5),
('17CE2037', 12, 'TAMBEWAGH', 'RUJUTA', 'AVINASH', 'TE', 'B', 'B2', 123, 0, '', '', 'CSDLO5013', '', 5),
('17CE2038', 17, 'ARJUN', 'PRATAP', '', 'SE', 'B', 'B2', 123, 0, '', '', '', '', 3),
('17CE2039', 15, 'VIGNESH', 'VIJAYKUMAR', 'LAKSHMI', 'TE', 'A', 'A3', 123, 0, '', '', 'CSDLO5013', '', 5),
('17CE3001', 15, 'BONDE', 'NAMRATA', 'PRADIP', 'TE', 'A', 'A4', 123, 0, '', '', 'CSDLO5013', '', 5),
('17CE3002', 14, 'JAGTAP', 'SIDDHI', 'SHRIKANT', 'TE', 'B', 'B4', 123, 0, '', '', 'CSDLO5013', '', 5),
('17CE3003', 15, 'DESHMUKH', 'RASIKA', 'RAVINDRA', 'TE', 'B', 'B4', 123, 0, '', '', 'CSDLO5013', '', 5),
('17CE3501', 6, 'DEORE', 'ANURAG', 'RAVINDRA', 'TE', 'C', 'C1', 123, 7506656227, 'anuragdeore125@gmail.com', '', 'CSDLO5013', '', 5),
('17CE5001', 13, 'SALAVI', 'ANKITA', 'SAYAJI', 'BE', 'A', 'A3', 123, 0, '', '', 'CSDLO7032', 'ILO7013', 7),
('17CE5002', 15, 'SRIVASTAV', 'ROHIT', 'SUSHIL', 'BE', 'B', 'B2', 123, 0, '', '', 'CSDLO7031', 'ILO7016', 7),
('17CE5003', 18, 'SAWANT', 'TANUJA', 'NAGESH', 'BE', 'A', 'A1', 123, 0, '', '', 'CSDLO7032', 'ILO7013', 7),
('17CE5004', 14, 'PIMPALE', 'VIRESH', 'PRAVIN', 'BE', 'B', 'B2', 123, 0, '', '', 'CSDLO7031', 'ILO7016', 7),
('17CE5005', 4, 'KAZI', 'RUKHSAR', 'IRFAN', 'BE', 'B', 'B2', 123, 0, '', '', 'CSDLO7031', 'ILO7016', 7),
('17CE5006', 1, 'BHALERAO', 'SAYALI', 'DHANANJAY', 'BE', 'B', 'B2', 123, 8080318151, 'sayalidbhalerao@gmail.com', '', 'CSDLO7031', 'ILO7016', 7),
('17CE5007', 3, 'RATHOD', 'PRIYANKA', 'JITENDRASINGH', 'BE', 'B', 'B3', 123, 8104127445, 'priyankarathod28.pr@gmail.com', '', 'CSDLO7031', 'ILO7016', 7),
('17CE5008', 11, 'PATIL', 'POONAM', 'DWARKANATH', 'BE', 'B', 'B2', 123, 8390014605, 'poonamdwarkanathpatil@gmail.com', '', 'CSDLO7031', 'ILO7016', 7),
('17CE5009', 18, 'THALKAR', 'SAIRAJ', 'ANIL', 'BE', 'A', 'A3', 123, 0, '', '', 'CSDLO7032', 'ILO7013', 7),
('17CE5010', 15, 'KAWALE', 'TEJAL', 'GOPAL', 'BE', 'A', 'A2', 123, 0, '', '', 'CSDLO7032', 'ILO7013', 7),
('17CE5011', 7, 'NAGARE', 'SHUBHAM', 'SHANTARAM', 'BE', 'B', 'B2', 123, 0, '', '', 'CSDLO7031', 'ILO7016', 7),
('17CE5012', 15, 'SONAWANE', 'KOMAL', 'MARUTI', 'BE', 'A', 'A3', 123, 0, '', '', 'CSDLO7032', 'ILO7013', 7),
('17CE5013', 12, 'PATIL', 'UMESH', 'NAMDEV', 'BE', 'B', 'B2', 123, 0, '', '', 'CSDLO7031', 'ILO7016', 7),
('17CE5014 ', 12, 'DESHMUKH', 'MANJIRI', 'PRALHAD', 'BE', 'B', 'B3', 123, 0, '', '', 'CSDLO7031', 'ILO7016', 7),
('17CE5015', 5, 'SHAH', 'MANAN', 'VINOD', 'BE', 'A', 'A4', 123, 0, '', '', 'CSDLO7031', 'ILO7016', 7),
('17CE5016', 12, 'DUBEY', 'RACHANA', 'SUDHIR', 'BE', 'A', 'A2', 123, 0, '', '', 'CSDLO7032', 'ILO7013', 7),
('17CE5017', 13, 'REDEKAR', 'DIGVIJAY', 'SURYAKANT', 'BE', 'B', 'B4', 123, 0, '', '', 'CSDLO7032', 'ILO7013', 7),
('17CE5018', 10, 'PATEL', 'POOJA', 'JAYANTI', 'BE', 'B', 'B2', 123, 0, '', '', 'CSDLO7031', 'ILO7016', 7),
('17CE5019', 16, 'SONTAKKE', 'SMITA', '', 'BE', 'A', 'A3', 123, 0, '', '', 'CSDLO7032', 'ILO7013', 7),
('17CE5020', 14, 'SONAR', 'HITESH', 'PRAKASH', 'BE', 'A', 'A3', 123, 9004285483, 'shitesh039@gmail.com', '047693', 'CSDLO7032', 'ILO7013', 7),
('17CE5021', 1, 'BHOIR', 'PRASAD', 'BHUSHAN', 'BE', 'A', 'A3', 123, 9870842704, 'prasadbhoir6786@gmail.com', 'jrYbW7', 'CSDLO7032', 'ILO7013', 7),
('17CE5022', 17, 'TARMALE', 'SHWETA', 'SITARAM', 'BE', 'A', 'A3', 123, 0, '', '', 'CSDLO7032', 'ILO7013', 7),
('17CE5023', 5, 'MANE', 'SATYAM', 'SUNIL', 'BE', 'B', 'B2', 123, 0, '', '', 'CSDLO7031', 'ILO7016', 7),
('17CE5024', 4, 'RATHOD', 'SANGEETA', '', 'BE', 'B', 'B3', 123, 0, '', '', 'CSDLO7031', 'ILO7016', 7),
('17CE5501', 2, 'SARAF', 'CHITRA', 'RAMESH', 'BE', 'C', 'C2', 123, 0, '', '', 'CSDLO7032', 'ILO7016', 7),
('17CE5502', 10, 'KULAT', 'RUSHIKESH', 'DATTATRAYA', 'BE', 'C', 'C1', 123, 0, '', '', 'CSDLO7032', 'ILO7013', 7),
('17CE5503', 8, 'JAISWAL', 'SAPNA', 'RAMESH', 'BE', 'C', 'C2', 123, 0, '', '', 'CSDLO7032', 'ILO7013', 7),
('17CE5504', 4, 'WANI', 'MRUNALI', 'ANIL', 'BE', 'C', 'C3', 123, 0, '', '', 'CSDLO7032', 'ILO7016', 7),
('17CE5505', 16, 'SATPUTE', 'RHUTUJA', 'RAJESH', 'BE', 'C', 'C1', 123, 0, '', '', 'CSDLO7032', 'ILO7013', 7),
('17CE5506', 19, 'NARA', 'RAVINA', 'PARMANAND', 'BE', 'C', 'C2', 123, 0, '', '', 'CSDLO7032', 'ILO7013', 7),
('17CE5507', 16, 'WAGHMARE', 'SHWETA', 'SIDDHARTH', 'BE', 'C', 'C3', 123, 0, '', '', 'CSDLO7032', 'ILO7013', 7),
('17CE5508', 4, 'KHAN', 'FARAZ', 'RAFIQUE', 'BE', 'C', 'C4', 123, 0, '', '', 'CSDLO7031', 'ILO7016', 7),
('17CE5509', 3, 'PANIGRAHI', 'SUSHANT', 'MAHESWAR', 'BE', 'C', 'C4', 123, 0, '', '', 'CSDLO7031', 'ILO7016', 7),
('17CE5510', 2, 'MANE', 'HARSHA', 'RAGHUNATH', 'BE', 'C', 'C1', 123, 0, '', '', 'CSDLO7032', 'ILO7016', 7),
('17CE5511', 15, 'MOKAL', 'DEEPALI', 'JAGANNATH', 'BE', 'C', 'C1', 123, 0, '', '', 'CSDLO7032', 'ILO7013', 7),
('17CE5512', 1, 'DABHOLKAR', 'ADITYA', 'PRAMOD', 'BE', 'C', 'C1', 123, 0, '', '', 'CSDLO7032', 'ILO7016', 7),
('17CE5513', 1, 'KHAN', 'OWAIS', 'BADRUDDIN', 'BE', 'C', 'C3', 123, 0, '', '', 'CSDLO7032', 'ILO7016', 7),
('17CE5514', 7, 'SHAIKH', 'ZAHIR', 'ZAKIR', 'BE', 'C', 'C2', 123, 0, '', '', 'CSDLO7032', 'ILO7013', 7),
('17CE7001', 15, 'PABLE', 'MANSI', 'MADHUKAR', 'TE', 'C', 'C2', 123, 0, '', '', 'CSDLO5013', '', 5),
('17CE7002', 8, 'KANCHAN', 'KARAN', 'HARISHCHANDRA', 'TE', 'C', 'C2', 123, 0, '', '', 'CSDLO5013', '', 5),
('17CE7003', 10, 'PAWAR', 'YASH', 'PRAKASH', 'TE', 'C', 'C3', 123, 0, '', '', 'CSDLO5013', '', 5),
('17CE7004', 14, 'NANDREKAR', 'SEJAL', 'SUBODH', 'TE', 'C', 'C4', 123, 0, '', '', 'CSDLO5011', '', 5),
('17CE7005', 11, 'KALEKAR', 'KAUSTUBH', 'KAILAS', 'TE', 'C', 'C1', 123, 0, '', '', 'CSDLO5013', '', 5),
('17CE7006', 12, 'RATHOD', 'SHUBHAM', 'DATTA', 'TE', 'C', 'C3', 123, 0, '', '', 'CSDLO5013', '', 5),
('17CE7008', 8, 'DHARANI.M', 'MEENAKSHISUNDARAM', 'UMA', 'TE', 'C', 'C1', 123, 9920849959, 'dharani2699@gmail.com', '', 'CSDLO5013', '', 5),
('17CE7009', 3, 'BHADKE', 'SIDDHANT', 'VIJAY', 'TE', 'C', 'C4', 123, 0, '', '', 'CSDLO5011', '', 5),
('17CE7010', 14, 'SAIGAONKAR', 'RUTUJA', 'PRAVIN', 'TE', 'C', 'C3', 123, 0, '', '', 'CSDLO5013', '', 5),
('17CE7011', 5, 'BHUJBAL', 'SAKSHI', 'RAHUL', 'TE', 'C', 'C4', 123, 9960263573, 'sakshi.bhujbalsb@gmail.com', '', 'CSDLO5011', '', 5),
('17CE7012', 16, 'PAWAR', 'VARAD', 'SUDHIR', 'TE', 'C', 'C1', 123, 0, '', '', 'CSDLO5013', '', 5),
('17CE7013', 5, 'DASPUTE', 'SHUBHAM', 'SANJAY', 'TE', 'C', 'C1', 123, 0, '', '', 'CSDLO5013', '', 5),
('17CE7014', 1, 'BADKUL', 'SOUMYA', 'MANOJ', 'TE', 'C', 'C1', 123, 9049655223, 'badkulsoumya@gmail.com', '', 'CSDLO5013', '', 5),
('17CE7015', 10, 'KHADKIKAR', 'SEJAL', 'SANJEEV', 'TE', 'C', 'C2', 123, 0, '', '', 'CSDLO5013', '', 5),
('17CE7016', 16, 'PARKHI', 'CHINMAY', 'JAYADATTARAJ', 'TE', 'C', 'C2', 123, 0, '', '', 'CSDLO5013', '', 5),
('17CE7017', 7, 'DEVADIGA', 'NIDHI', 'RAMA', 'TE', 'C', 'C1', 123, 0, '', '', 'CSDLO5013', '', 5),
('17CE7018', 13, 'RAWAT', 'ADITYA', 'RAJENDRA', 'TE', 'C', 'C3', 123, 0, '', '', 'CSDLO5013', '', 5),
('17CE7019', 18, 'UTEKAR', 'MANISH', 'RAJESH', 'TE', 'C', 'C3', 123, 0, '', '', 'CSDLO5013', '', 5),
('17CE7020', 17, 'PRASADE', 'RIYA', 'VINAY', 'TE', 'C', 'C2', 123, 0, '', '', 'CSDLO5013', '', 5),
('17CE7021', 2, 'BHIWANDE', 'OMKAR', 'DATTARAM', 'TE', 'C', 'C1', 123, 0, '', '', 'CSDLO5013', '', 5),
('17CE7022', 12, 'KAMBLE', 'ANIKET', 'SANJAY', 'TE', 'C', 'C1', 123, 0, '', '', 'CSDLO5013', '', 5),
('17CE7023', 9, 'KAPGATE', 'RAJAT', 'HEMANT', 'TE', 'C', 'C2', 123, 0, '', '', 'CSDLO5013', '', 5),
('17CE7024', 16, 'TAMBE', 'PRAJAKTA', 'DNYANDEV', 'TE', 'C', 'C3', 123, 0, '', '', 'CSDLO5013', '', 5),
('17CE7025', 16, 'BAVKAR', 'ABHISHEK', 'RAGHOBA', 'SE', 'C', 'C2', 123, 0, '', '', '', '', 3),
('17CE7026', 22, 'WAKADE', 'SAURABH', 'RAJENDRA', 'TE', 'C', 'C4', 123, 0, '', '', 'CSDLO5011', '', 5),
('17CE7027', 4, 'CHOUDHARI', 'JEET', 'NITIN', 'TE', 'C', 'C1', 123, 0, '', '', 'CSDLO5013', '', 5),
('17CE7028', 19, 'SINGH', 'SIDDHARTH', 'SANJAY', 'TE', 'C', 'C2', 123, 0, '', '', 'CSDLO5013', '', 5),
('17CE7029', 7, 'PATIL', 'JUILEE', 'MAHENDRAKUMAR', 'TE', 'C', 'C3', 123, 0, '', '', 'CSDLO5013', '', 5),
('17CE7031', 10, 'GHUTE', 'TEJAS', 'DINESH', 'TE', 'C', 'C1', 123, 0, '', '', 'CSDLO5013', '', 5),
('17CE7032', 9, 'GHARAT', 'KIMAYA', 'PRASHANT', 'TE', 'C', 'C1', 123, 7045032321, 'gharat.kimaya410@gmail.com', '', 'CSDLO5013', '', 5),
('17CE7033', 15, 'SHELAR', 'ROHIT', 'ARUN', 'SE', 'C', 'C2', 123, 0, '', '', '', '', 3),
('17CE7035', 17, 'SALGAR', 'SAMARTH', 'DATTATRAY', 'TE', 'C', 'C4', 123, 0, '', '', 'CSDLO5011', '', 5),
('17CE7036', 7, 'GHUTAKE', 'ISHITA', 'VIJAY', 'TE', 'C', 'C4', 123, 0, '', '', 'CSDLO5011', '', 5),
('17CE7037', 9, 'PATKAR', 'SHIVAM', 'RAJESH', 'TE', 'C', 'C3', 123, 0, '', '', 'CSDLO5013', '', 5),
('17CE7039', 3, 'KANCHWALA', 'ABBAS', 'MOHAMMEDHUSAIN', 'TE', 'C', 'C3', 123, 0, '', '', 'CSDLO5013', '', 5),
('17CE7040', 5, 'MATHURKAR', 'GAURAV', 'MUKUND', 'TE', 'C', 'C3', 123, 0, '', '', 'CSDLO5013', '', 5),
('17CE7041', 15, 'SHIRUDE', 'POOJA', 'SOMNATH', 'TE', 'C', 'C3', 123, 0, '', '', 'CSDLO5013', '', 5),
('17CE7042', 4, 'KHAN', 'MOHD', 'ASHRAF', 'TE', 'C', 'C3', 123, 0, '', '', 'CSDLO5013', '', 5),
('17CE7043', 2, 'KAMBLI', 'ADVAIT', 'VILAS', 'TE', 'C', 'C3', 123, 0, '', '', 'CSDLO5013', '', 5),
('17CE7044', 8, 'PATIL', 'SNEHAL', 'DASHARATH', 'TE', 'C', 'C3', 123, 0, '', '', 'CSDLO5013', '', 5),
('17CE7045', 17, 'RATHOD', 'RAHUL', 'CHANDU', 'TE', 'C', 'C1', 123, 0, '', '', 'CSDLO5013', '', 5),
('17CE7046', 3, 'CHAUDHARI', 'ROHIT', 'SANJAY', 'TE', 'C', 'C2', 123, 0, '', '', 'CSDLO5013', '', 5),
('17CE8001', 18, 'SAHU', 'AKSHAY', 'KUMAR', 'TE', 'C', 'C1', 123, 0, '', '', 'CSDLO5013', '', 5),
('17CE8002', 13, 'MANDVE', 'RUCHI', 'RAVINDRA', 'TE', 'C', 'C2', 123, 0, '', '', 'CSDLO5013', '', 5),
('17CE8003', 1, 'BHAIRNALLYKA', 'PREETI', 'TUKARAM', 'TE', 'C', 'C2', 123, 0, '', '', 'CSDLO5013', '', 5),
('17CE8004', 17, 'TAYADE', 'OM', 'CHANDRAKANT', 'TE', 'C', 'C3', 123, 0, '', '', 'CSDLO5013', '', 5),
('17CE8005', 6, 'MORE', 'RISHIKESH', 'PANDHARINATH', 'TE', 'C', 'C3', 123, 0, '', '', 'CSDLO5013', '', 5),
('17CE8006', 6, 'J', 'S', 'KANISHQ', 'TE', 'C', 'C2', 123, 0, '', '', 'CSDLO5013', '', 5),
('17CE8007', 12, 'LASNE', 'KRUTUJA', 'SUNIL', 'TE', 'C', 'C4', 123, 0, '', '', 'CSDLO5011', '', 5),
('17CE8008', 14, 'NEHETE', 'SHITAL', 'VIRENDRA', 'TE', 'C', 'C2', 123, 0, '', '', 'CSDLO5013', '', 5),
('17CE8009', 11, 'POOJARY', 'SHRENIK', 'SADANAND', 'TE', 'C', 'C3', 123, 0, '', '', 'CSDLO5013', '', 5),
('17CE8010', 5, 'GORKHE', 'SUMIT', 'NARESH', 'TE', 'C', 'C2', 123, 9757145789, 'sumitgorkhe62@gmail.com', '', 'CSDLO5013', '', 5),
('17CE8011', 2, 'BONDE', 'PRAJAKTA', 'VIKAS', 'TE', 'C', 'C2', 123, 0, '', '', 'CSDLO5013', '', 5),
('17CE8012', 21, 'VERMA', 'RITESH', 'SATYA', 'TE', 'C', 'C4', 123, 0, '', '', 'CSDLO5011', '', 5),
('17CE8013', 16, 'AGNANI', 'DIVYANSH', 'KUMAR', 'SE', 'C', 'C1', 123, 0, '', '', '', '', 3),
('17CE8014', 17, 'RATHOR', 'AARYAMAN', 'SHAILENDRA', 'SE', 'C', 'C2', 123, 0, '', '', '', '', 3),
('17CE8015', 1, 'KAKADE', 'SAILI', 'RAVINDRA', 'TE', 'C', 'C3', 123, 0, '', '', 'CSDLO5013', '', 5),
('17CE8016', 7, 'JOSHI', 'ADWAIT', 'MAKARAND', 'TE', 'C', 'C2', 123, 0, '', '', 'CSDLO5013', '', 5),
('17CE8017', 3, 'CHAVAN', 'MEENAL', 'MILIND', 'TE', 'C', 'C1', 123, 0, '', '', 'CSDLO5013', '', 5),
('18CE1001', 5, 'DESHMUKH', 'OJASWI', 'SANDEEP', 'SE', 'A', 'A2', 123, 0, '', '', '', '', 3),
('18CE1002', 6, 'PENDAM', 'RITIKA', 'RAJESH', 'SE', 'B', 'B2', 123, 0, '', '', '', '', 3),
('18CE1003', 6, 'GAMARE', 'VRUSHABH', 'MANGESH', 'SE', 'A', 'A2', 123, 0, '', '', '', '', 3),
('18CE1004', 7, 'JADHAV', 'HEMANT', 'BHARAT', 'SE', 'B', 'B2', 123, 0, '', '', '', '', 3),
('18CE1005', 12, 'VISHE', 'JAYKRISHNA', 'SANJAY', 'SE', 'B', 'B3', 123, 0, '', '', '', '', 3),
('18CE1006', 2, 'NAIK', 'ONKAR', 'SANJAY', 'SE', 'B', 'B1', 123, 9867615882, 'naiksonkar@gmail.com', '', '', '', 3),
('18CE1007', 1, 'BHOIR', 'MANISH', 'MOHAN', 'SE', 'A', 'A1', 123, 0, '', '', '', '', 3),
('18CE1008', 13, 'SINGH', 'HEENA', 'REENA', 'SE', 'B', 'B3', 123, 0, '', '', '', '', 3),
('18CE1009', 10, 'KENDRE', 'SHIVAM', 'BALAJI', 'SE', 'A', 'A3', 123, 0, '', '', '', '', 3),
('18CE1010', 2, 'ANDHALE', 'PRANJALI', 'RAJESHWAR', 'SE', 'A', 'A1', 123, 0, '', '', '', '', 3),
('18CE1011', 3, 'PADALKAR', 'MRUNAL', 'VILAS', 'SE', 'B', 'B1', 123, 0, '', '', '', '', 3),
('18CE1012', 8, 'PURUJIT', 'SRINIVASAN', 'SUBASHINI', 'SE', 'B', 'B2', 123, 0, '', '', '', '', 3),
('18CE1013', 9, 'SANSARE', 'MIHIR', 'MAHESH', 'SE', 'B', 'B2', 123, 0, '', '', '', '', 3),
('18CE1014', 4, 'MHADALEKAR', 'SATYAM', 'SUJIT', 'SE', 'B', 'B1', 123, 0, '', '', '', '', 3),
('18CE1015', 14, 'UIKE', 'SHRADDHA', 'UMESH', 'SE', 'B', 'B3', 123, 0, '', '', '', '', 3),
('18CE1016', 10, 'RAI', 'GAURAV', 'RAKESH', 'SE', 'B', 'B2', 123, 0, '', '', '', '', 3),
('18CE1017', 11, 'SHARMA', 'SAGAR', 'AKASH', 'SE', 'B', 'B2', 123, 0, '', '', '', '', 3),
('18CE1018', 11, 'KORE', 'MRUNALEE', 'BHASKAR', 'SE', 'A', 'A3', 123, 0, '', '', '', '', 3),
('18CE1019', 5, 'MUJAGE', 'VAIBHAV', 'PANDIT', 'SE', 'B', 'B1', 123, 0, '', '', '', '', 3),
('18CE1020', 15, 'THAKUR', 'GAYATRI', 'SUBHASH', 'SE', 'B', 'B3', 123, 0, '', '', '', '', 3),
('18CE1021', 12, 'PAWAR', 'MIHIR', 'ANAND', 'SE', 'B', 'B2', 123, 0, '', '', '', '', 3),
('18CE1022', 6, 'NALE', 'RUTUJA', 'DILIP', 'SE', 'B', 'B1', 123, 0, '', '', '', '', 3),
('18CE1023', 6, 'RAMTEKE', 'PRATIKSHA', 'SANJAY', 'SE', 'B', 'B3', 123, 0, '', '', '', '', 3),
('18CE1024', 14, 'POL', 'SIDDHANT', 'ARUNKUMAR', 'SE', 'B', 'B2', 123, 0, '', '', '', '', 3),
('18CE1025', 7, 'PANDEY', 'VEDPRAKASH', 'DHARMENDRA', 'SE', 'B', 'B1', 123, 0, '', '', '', '', 3),
('18CE1026', 3, 'BOROLE', 'SHREYASH', 'SANJAY', 'SE', 'A', 'A1', 123, 0, '', '', '', '', 3),
('18CE1027', 8, 'NANDESHWAR', 'ADVAIT', 'YATISH', 'SE', 'B', 'B1', 123, 8446568170, 'advait.nandeshwar@gmail.com', 'xvoyEd', '', '', 3),
('18CE1028', 7, 'SHIRSAT', 'TEJAL', 'RAHUL', 'SE', 'B', 'B3', 123, 0, '', '', '', '', 3),
('18CE1029', 9, 'PATIL', 'LOKESH', 'JITENDRA', 'SE', 'B', 'B1', 123, 0, '', '', '', '', 3),
('18CE1030', 1, 'ZOPE', 'URVI', 'RAJESH', 'SE', 'B', 'B4', 123, 0, '', '', '', '', 3),
('18CE1031', 12, 'MALLICK', 'DEVJANI', 'RANJIT', 'SE', 'A', 'A3', 123, 0, '', '', '', '', 3),
('18CE1032', 2, 'TAMBOLI', 'PRATIK', 'DEEPAK', 'SE', 'B', 'B4', 123, 0, '', '', '', '', 3),
('18CE1033', 13, 'JHA', 'ANIKET', 'BAIDYANATH', 'SE', 'A', 'A3', 123, 0, '', '', '', '', 3),
('18CE1034', 14, 'KHAIRNAR', 'CHETAN', 'SUNIL', 'SE', 'A', 'A3', 123, 0, '', '', '', '', 3),
('18CE1036', 15, 'JAISWAR', 'AMITKUMAR', 'SURESHKUMAR', 'SE', 'A', 'A3', 123, 0, '', '', '', '', 3),
('18CE1037', 4, 'BAMBLE', 'KARTIK', 'MAHESH', 'SE', 'A', 'A1', 123, 0, '', '', '', '', 3),
('18CE1038', 7, 'GHERKAR', 'YASH', 'VINOD', 'SE', 'A', 'A2', 123, 0, '', '', '', '', 3),
('18CE1039', 15, 'SHELAR', 'VINAY', 'BABAN', 'SE', 'B', 'B2', 123, 0, '', '', '', '', 3));

-- Table structure for table `stu_record1`
--

CREATE TABLE `stu_record1` (
  `Roll_no` varchar(9) DEFAULT NULL,
  `Password` varchar(18) DEFAULT '123'
) ENGINE=InnoDB DEFAULT CHARSET=utf8;

--
-- Dumping data for table `stu_record1`
--

INSERT INTO `stu_record1` (`Roll_no`, `Password`) VALUES
('18CE1007', '123'),
('18CE1010', '123'),
('18CE1026', '123'),
('18CE1037', '123'),
('18CE1041', '123'),
('18CE1042', '123'),
('18CE1052', '123'),
('18CE1055', '123'),
('18CE1058', '123'),
('18CE1067', '123'),
('18CE1068', '123'),
('18CE1073', '123'),
('18CE1074', '123'),
('18CE1078', '123'),
('18CE1079', '123'),
('18CE1081', '123'),
('16CE1042', '123'),
('18CE8013', '123'),
('18CE2005', '123'),
('18CE2015', '123'),
('18CE2023', 'sahil2000'),
('18CE2034', '123'),
('18CE1001', '123'),
('18CE1003', '123'),
('18CE1038', '123'),
('18CE1045', '123'),
('18CE1046', '123'),
('18CE1054', '123'),
('18CE1059', '123'),
('18CE1062', '123'),
('18CE1063', '123'),
('18CE1086', '123'),
('18CE1096', '123'),
('17CE1043', '123'),
('17CE1037', '123'),
('18CE1100', '123'),
('18CE1098', '123'),
('18CE2004', '123'),
('18CE2007', '123'),
('18CE2011', '123'),
('18CE2013', '123'),
('18CE2019', '123'),
('18CE2021', '123'),
('18CE2024', '123'),
('18CE2030', '123'),
('18CE1009', '123'),
('18CE1018', '123'),
('18CE1031', '123'),
('18CE1033', '123'),
('18CE1034', '123'),
('18CE1036', '123'),
('18CE1044', '123'),
('18CE2020', '123'),
('18CE1048', '123'),
('18CE1049', '123'),
('18CE1050', '123'),
('18CE1064', '123'),
('18CE1065', '123'),
('18CE1066', '123'),
('18CE1071', '123'),
('18CE1088', '123'),
('18CE1094', '123'),
('18CE1095', '123'),
('18CE1097', '123'),
('18CE2002', '123'),
('18CE2009', '123'),
('18CE2027', '123'),
('18CE2032', '123'),
('17CE1039', '123'),
('18CE1006', '123'),
('18CE1011', '123'),
('18CE1014', '123'),
('18CE1019', '123'),
('18CE1022', '123'),
('18CE1025', '123'),
('18CE1027', '123'),
('18CE1029', '123'),
('18CE1061', '123'),
('18CE1087', '123'),
('18CE1089', '123'),
('18CE1091', '123'),
('18CE2001', '123'),
('18CE2008', '123'),
('18CE2010', '123'),
('18CE2014', '123'),
('18CE2016', '123'),
('18CE2018', '123'),
('18CE2022', '123'),
('18CE2028', '123'),
('18CE1002', '123'),
('18CE1004', '123'),
('18CE1012', '123'),
('18CE1013', '123'),
('18CE1016', '123'),
('18CE1017', '123'),
('18CE1021', '123'),
('18CE2006', '123'),
('18CE1024', '123'),
('18CE1039', '123'),
('18CE1040', '123'),
('17CE2038', '123'),
('17CE2020', '123'),
('18CE1043', '123'),
('18CE1051', '123'),
('18CE1069', '123'),
('18CE1070', '123'),
('18CE1075', '123'),
('18CE1023', '123'),
('18CE1028', '123'),
('18CE2025', '123'),
('18CE2026', '123'),
('18CE2029', '123'),
('18CE2033', '123'),
('18CE1005', '123'),
('18CE1008', '123'),
('18CE1015', '123'),
('18CE1020', '123'),
('17CE2012', '123'),
('17CE2018', '123'),
('18CE1030', '123'),
('18CE1032', '123'),
('18CE1047', '123'),
('18CE1053', '123'),
('18CE1057', '123'),
('18CE1060', '123'),
('18CE1072', '123'),
('18CE1076', '123'),
('18CE1077', '123'),
('18CE1080', '123'),
('18CE1082', '123'),
('18CE1093', '123'),
('18CE2003', '123'),
('18CE2012', '123'),
('18CE2017', '123'),
('18CE2031', '123'),
('18CE7002', '123'),
('18CE7003', '123'),
('18CE7008', '123'),
('18CE7014', '123'),
('18CE7025', '123'),
('18CE7027', '123'),
('18CE7028', '123'),
('18CE7032', '123'),
('18CE7034', '123'),
('18CE7035', '123'),
('18CE7037', '123'),
('18CE7038', '123'),
('18CE8003', '123'),
('18CE8005', '123'),
('18CE8006', '123'),
('17CE8013', '123'),
('18CE8007', '123'),
('18CE8014', '123'),
('18CE8020', '123'),
('18CE7004', '123'),
('18CE7005', '123'),
('18CE7006', '123'),
('18CE7007', '123'),
('18CE7010', '123'),
('18CE7012', '123'),
('18CE7015', '123'),
('18CE7019', '123'),
('18CE7021', '123'),
('18CE7024', '123'),
('18CE7026', '123'),
('17CE7033', '123'),
('17CE7025', '123'),
('17CE8014', '123'),
('18CE7029', '123'),
('18CE7033', '123'),
('18CE7040', '123'),
('18CE8001', '123'),
('18CE8004', '123'),
('18CE8008', '123'),
('18CE8010', '123'),
('18CE8016', '123'),
('18CE8017', '123'),
('18CE8019', '123'),
('18CE8021', '123'),
('18CE7001', '123'),
('18CE7009', '123'),
('18CE7011', 'RIYA1234'),
('18CE7013', '123'),
('18CE7016', '123'),
('18CE7017', '123'),
('18CE7018', '123'),
('18CE7020', '123'),
('18CE7022', '123'),
('18CE7030', '123'),
('18CE7031', '123'),
('18CE7036', '123'),
('18CE7041', '123'),
('18CE8002', '123'),
('18CE8011', '123'),
('18CE8012', '123'),
('18CE8015', '123'),
('18CE8022', '123'),
('18CE8023', '123'),
('17CE1014', '123'),
('17CE1019', '123'),
('17CE1083', '123'),
('18CE5012', '123'),
('18CE5010', '123'),
('17CE1067', '123'),
('18CE5021', '123'),
('18CE5020', '123'),
('17CE1064', '123'),
('17CE2001', '123'),
('18CE5002', '123'),
('17CE1004', '123'),
('17CE1029', '123'),
('18CE5023', '123'),
('18CE5019', '123'),
('18CE5011', '123'),
('17CE1095', '123'),
('15CE1067', '123'),
('13CE2023', '123'),
('17CE1044', '123'),
('17CE1046', '123'),
('17CE1010', '123'),
('17CE2010', '123'),
('17CE2025', '123'),
('17CE1065', '123'),
('17CE1055', '123'),
('17CE2011', '123'),
('17CE2017', '123'),
('17CE1070', '123'),
('17CE1045', '123'),
('17CE1018', '123'),
('17CE1012', '123'),
('17CE1063', '123'),
('17CE1028', '123'),
('17CE1051', '123'),
('17CE1042', '123'),
('17CE1006', '123'),
('17CE1093', '123'),
('17CE1073 ', '123'),
('17CE1013', '123'),
('17CE1008', '123'),
('17CE1035', '123'),
('17CE2027', 'peeyaiu3'),
('17CE1007', '123'),
('17CE1033', '123'),
('17CE1031', '123'),
('17CE1085', '123'),
('17CE1080', '123'),
('17CE1017', '123'),
('18CE5003', '123'),
('17CE1076', '123'),
('17CE2003', '123'),
('16CE1052', '123'),
('17CE2039', '123'),
('18CE5014', '123'),
('18CE5024', '123'),
('17CE2004', '123'),
('17CE1081', '123'),
('17CE1021', '123'),
('17CE1056', '123'),
('17CE1052', '123'),
('17CE1071', '123'),
('17CE1024', '123'));

--
-- Indexes for dumped tables
--

--
-- Indexes for table `admin_details`
--
ALTER TABLE `admin_details`
  ADD UNIQUE KEY `username` (`username`,`password`);

--
-- Indexes for table `course`
--
ALTER TABLE `course`
  ADD PRIMARY KEY (`Subject_code`),
  ADD KEY `Year` (`Year`);

--
-- Indexes for table `coursemapping`
--
ALTER TABLE `coursemapping`
  ADD UNIQUE KEY `Sdrn_2` (`Sdrn`,`Subject_code`,`Year`,`Division`),
  ADD KEY `Sdrn` (`Sdrn`),
  ADD KEY `Subject_code` (`Subject_code`),
  ADD KEY `Year` (`Year`),
  ADD KEY `Division` (`Division`);

--
-
--
-- Indexes for table `faculty`
--
ALTER TABLE `faculty`
  ADD PRIMARY KEY (`Sdrn`);


-- Indexes for table `office`
--
ALTER TABLE `office`
  ADD UNIQUE KEY `username` (`username`);


ALTER TABLE `stu_record`
  ADD PRIMARY KEY (`Roll_no`),
  ADD KEY `Serial_no_index` (`Serial_no`);

--
-- Indexes for table `stu_record1`
--
ALTER TABLE `stu_record1`
  ADD UNIQUE KEY `Roll_no` (`Roll_no`);

--
-


/*!40101 SET CHARACTER_SET_CLIENT=@OLD_CHARACTER_SET_CLIENT */;
/*!40101 SET CHARACTER_SET_RESULTS=@OLD_CHARACTER_SET_RESULTS */;
/*!40101 SET COLLATION_CONNECTION=@OLD_COLLATION_CONNECTION */;


